Position,URL,Item
1,https://assets.ajio.com/medias/sys_master/root/20230321/6GLV/6419bc23f997dde6f42277b7/gufrina_black_floral_tunic_with_bishop_sleeves_.jpg,GUFRINA Floral Tunic with Bishop Sleeves
2,https://assets.ajio.com/medias/sys_master/root/20210403/EvqN/60685d417cdb8c1f1474767e/pannkh_navy_blue_novelty_top.jpg,Pannkh Novelty Top
3,https://assets.ajio.com/medias/sys_master/root/20230213/jata/63ea114ef997dde6f4a03940/hawt_navy_blue_floral_embroidered_v-neck_tunic.jpg,HAWT Floral Embroidered V-Neck Tunic
4,https://assets.ajio.com/medias/sys_master/root/20230109/oH1P/63bbd100aeb269c651cb74fd/ives_navy_blue_floral_print_button-down_top_.jpg,Ives Floral Print Button-Down Top
5,https://assets.ajio.com/medias/sys_master/root/20230123/rnWN/63ce6315aeb269c651f291b5/hawt_black_flared_top_with_embroidered_yoke.jpg,HAWT Flared Top with Embroidered Yoke
6,https://assets.ajio.com/medias/sys_master/root/20230321/g9p7/6419f33c907deb497a983d8c/gufrina_sea_green_tie_%26_dye_tailored_fit_tunic.jpg,GUFRINA Tie & Dye Tailored Fit Tunic
7,https://assets.ajio.com/medias/sys_master/root/20221104/dnrr/636526a1aeb269659c72c6bb/tior_white_floral_print_square-neck_peplum_top.jpg,Tior Floral Print Square-Neck Peplum Top
8,https://assets.ajio.com/medias/sys_master/root/20221130/nzbN/63867877aeb269659cc21b04/kibo_pink_micro_print_v-neck_top.jpg,Kibo Micro Print V-neck Top
9,https://assets.ajio.com/medias/sys_master/root/20221104/BP7p/63654c33aeb269659c738750/kibo_white_floral_print_v-neck_top.jpg,Kibo Floral Print V-Neck Top
10,https://assets.ajio.com/medias/sys_master/root/20221228/9Oxp/63ab5e47f997ddfdbdfe2c7f/wedani_black_sleeveless_high-neck_tank_top.jpg,Wedani Sleeveless High-Neck Tank Top
11,https://assets.ajio.com/medias/sys_master/root/20221124/Nh7D/637eaef2aeb269659caf618e/wedani_pink_floral_print_round-neck_top.jpg,Wedani Floral Print Round-Neck Top
12,https://assets.ajio.com/medias/sys_master/root/20210403/gBRH/60685c4c7cdb8c1f14746b91/pannkh_white_floral_top.jpg,Pannkh Floral Top
13,https://assets.ajio.com/medias/sys_master/root/20220702/Mlzi/62bf5c13f997dd03e2b26174/maaesa_blue_tie_%26_dye_collar-neck_top.jpg,MAAESA Tie & Dye Collar-Neck Top
14,https://assets.ajio.com/medias/sys_master/root/20230106/AhIB/63b83197aeb269c651b75431/kibo_red_floral_print_smocked_top.jpg,Kibo Floral Print Smocked Top
15,https://assets.ajio.com/medias/sys_master/root/20221012/PXN5/6345d339aeb269659c3dd0e1/kibo_blue_floral_print_v-neck_top.jpg,Kibo Floral Print V-Neck Top
16,https://assets.ajio.com/medias/sys_master/root/20220801/4wxp/62e7f985aeb26921afb71640/fig_black_geometric_print_round-neck_top.jpg,FIG Geometric Print Round-Neck Top
17,https://assets.ajio.com/medias/sys_master/root/20230301/cP2I/63ff2b2bf997dde6f4d439f3/hawt_navy_floral_print_v-neck_top.jpg,HAWT Floral Print V-Neck Top
18,https://assets.ajio.com/medias/sys_master/root/20230111/sGgP/63be00a1f997dd708efdb77b/fbella_purple_floral_print_v-neck_top.jpg,FBELLA Floral Print V-Neck Top
19,https://assets.ajio.com/medias/sys_master/root/20220622/MfID/62b3519aaeb26921af418548/maaesa_green_tie_%26_dye_full-sleeve_top.jpg,MAAESA Tie & Dye Full-Sleeve Top
20,https://assets.ajio.com/medias/sys_master/root/20220114/gDKK/61e16082f997dd66232183b8/cottinfab_denim_heathered_lapel_shirt_top.jpg,COTTINFAB Heathered Lapel Shirt Top
21,https://assets.ajio.com/medias/sys_master/root/20220707/3PDH/62c6fb15aeb26921af69647b/fig_purple_micro_print_top_with_tie-up.jpg,FIG Micro Print Top with Tie-Up
22,https://assets.ajio.com/medias/sys_master/root/20211005/8u3O/615bc2afaeb2692b85a866c8/jaipur_kurti_black_checked_printed_regular_top.jpg,Jaipur Kurti Checked Printed Regular Top
23,https://assets.ajio.com/medias/sys_master/root/20230322/GxCQ/641b13f9907deb497aaa1cb7/gufrina_blue_round_neck_top_with_bishop_sleeve.jpg,GUFRINA Round Neck Top with Bishop Sleeve
24,https://assets.ajio.com/medias/sys_master/root/20230321/VRcB/64191bb7f997dde6f417020c/wedani_multicoloured_camouflage_print_round-neck_top.jpg,Wedani Camouflage Print Round-Neck Top
25,https://assets.ajio.com/medias/sys_master/root/20221119/VPC0/6377f256f997ddfdbd85a52e/kibo_black_animal_print_high-neck_top.jpg,Kibo Animal Print High-Neck Top
26,https://assets.ajio.com/medias/sys_master/root/20230321/kWZ4/6418f891aeb26924e3d7d3c6/wedani_grey_round-neck_top_with_puff_sleeves.jpg,Wedani Round-Neck Top with Puff Sleeves
27,https://assets.ajio.com/medias/sys_master/root/20230111/EyC7/63be99f6f997dd708efee986/selvia_black_striped_v-neck_top.jpg,SELVIA Striped V-Neck Top
28,https://assets.ajio.com/medias/sys_master/root/20221219/bsAO/63a00b1daeb269659cf19e3d/fig_ecru_polka-dot_print_top_with_patch_pockets.jpg,FIG Polka-Dot Print Top with Patch Pockets
29,https://assets.ajio.com/medias/sys_master/root/20230410/Qar6/6433da75711cf97ba7175ca6/tior_maroon_square-neck_smocked_top.jpg,Tior Square-Neck Smocked Top
30,https://assets.ajio.com/medias/sys_master/root/20221014/CpxH/6349444daeb269659c459377/kibo_maroon_fitted_crop_wrap_top_.jpg,Kibo Fitted Crop Wrap Top
31,https://assets.ajio.com/medias/sys_master/root/20230109/tN1d/63bc2c7ef997dd708ef5958b/shaye_black_satin_top_with_spread_collar_.jpg,Shaye Satin Top with Spread Collar
32,https://assets.ajio.com/medias/sys_master/root/20230201/jyrV/63da0b40aeb269c651083572/fig_black_floral_print_v-neck_top.jpg,FIG Floral Print V-Neck Top
33,https://assets.ajio.com/medias/sys_master/root/20230310/Rasc/640b01cef997dde6f4ef4c19/clafoutis_black_striped_slim_fit_crop_top.jpg,Clafoutis Striped Slim Fit Crop Top
34,https://assets.ajio.com/medias/sys_master/root/20220714/lfV6/62d03caaf997dd03e2d4a316/fig_green_micro_print_top_with_tie-up.jpg,FIG Micro Print Top with Tie-Up
35,https://assets.ajio.com/medias/sys_master/root/20230110/VDgo/63bd94dff997dd708efc69fc/masakali.co_nude_pink_floral_print__top_with_cuffed-sleeves.jpg,MASAKALI.CO Floral Print Top with Cuffed-Sleeves
36,https://assets.ajio.com/medias/sys_master/root/20230407/9NwD/64301964907deb497ad25aea/wedani_dark_pink_floral_print_top_with_flounce_sleeves.jpg,Wedani Floral Print Top with Flounce Sleeves
37,https://assets.ajio.com/medias/sys_master/root/20220302/ifKs/621e67d5f997dd03e2f8a81c/teamspirit_purple_typographic_print_round-neck_top.jpg,Teamspirit Typographic Print Round-Neck Top
38,https://assets.ajio.com/medias/sys_master/root/20221122/p9H1/637ca711f997ddfdbd8e418d/fig_pink_floral_print_top_with_curved_hem.jpg,FIG Floral Print Top with Curved Hem
39,https://assets.ajio.com/medias/sys_master/root/20221010/9jJ3/63443686aeb269659c34fee1/bhama_couture_yellow_floral_print_button-down_top.jpg,Bhama Couture Floral Print Button-Down Top
40,https://assets.ajio.com/medias/sys_master/root/20230322/rLCY/641ae84e907deb497aa4a06d/gufrina_white_heart_print_tunic_with_cuffed_sleeves.jpg,GUFRINA Heart Print Tunic with Cuffed Sleeves
41,https://assets.ajio.com/medias/sys_master/root/20230313/tQiF/640ef9c7f997dde6f4f2a6a7/clafoutis_black_v-neck_slim_fit_top_with_butterfly_sleeves.jpg,Clafoutis V-Neck Slim Fit Top with Butterfly Sleeves
42,https://assets.ajio.com/medias/sys_master/root/20221208/Vh98/6391fa8ff997ddfdbdc82c8f/hawt_red_floral_print_round-neck_top.jpg,HAWT Floral Print Round-Neck Top
43,https://assets.ajio.com/medias/sys_master/root/20230418/Ffxq/643e9372711cf97ba72f76ec/mwb_orange_corset_style_square-neck_top.jpg,Mwb Corset Style Square-Neck Top
44,https://assets.ajio.com/medias/sys_master/root/20220325/t0cp/623d60c9aeb26921aff67e1b/miss_chase_mustard-_button-down_v-neck_long_top.jpg,MISS CHASE Button-Down V-neck Long Top
45,https://assets.ajio.com/medias/sys_master/root/20230109/eDkN/63bbd0faaeb269c651cb73eb/ives_blue_geometric_print_high-neck_top_.jpg,Ives Geometric Print High-Neck Top
46,https://assets.ajio.com/medias/sys_master/root/20211207/CHNP/61af8fd6f997ddf8f1406d04/mayra_black_chevron_print_round-neck_top.jpg,Mayra Chevron Print Round-Neck Top
47,https://assets.ajio.com/medias/sys_master/root/20211027/7Znh/61789fceaeb2690110abb969/znx_clothing_multicoloured_floral_print_wrap_top.jpg,Znx Clothing Floral Print Wrap Top
48,https://assets.ajio.com/medias/sys_master/root/20230307/ZlIb/64068c5eaeb26924e3ab4f07/keri_perry_navy_paisley_print_top.jpg,KERI PERRY Paisley Print Top
49,https://assets.ajio.com/medias/sys_master/root/20230322/sQox/641b0869907deb497aa8c331/mwb_black_square-neck_top_with_short_sleeves.jpg,Mwb Square-Neck Top with Short Sleeves
50,https://assets.ajio.com/medias/sys_master/root/20230410/eHPg/6433dfa1711cf97ba717d57b/tior_white_solid_top.jpg,Tior Solid Top
51,https://assets.ajio.com/medias/sys_master/root/20230320/eIrN/6418bfc0aeb26924e3d1bec2/gufrina_white_micro-print_v-neck_tunic_top.jpg,GUFRINA Micro-Print V-Neck Tunic Top
52,https://assets.ajio.com/medias/sys_master/root/20230321/iiSB/6418d8c6f997dde6f40f3f82/keri_perry_magenta_floral_print_v-neck_top.jpg,KERI PERRY Floral Print V-Neck Top
53,https://assets.ajio.com/medias/sys_master/root/20220817/18kE/62fc1e31f997dd394cf85aa1/women_touch_indigo_floral_print_tiered_top.jpg,WOMEN TOUCH Floral Print Tiered Top
54,https://assets.ajio.com/medias/sys_master/root/20210403/Qw1Z/60685c77aeb269a9e330c91e/ives_olive_solid_top.jpg,Ives Solid Top
55,https://assets.ajio.com/medias/sys_master/root/20230403/dv1o/642ab06e711cf97ba70597fb/fyre_rose_beige_animal_print_round-neck_top.jpg,Fyre Rose Animal Print Round-Neck Top
56,https://assets.ajio.com/medias/sys_master/root/20230221/kjft/63f4a0f6aeb26924e37f37fc/dj_%26_c_sea_green_checked_top_with_mandarin_collar.jpg,DJ & C Checked Top with Mandarin Collar
57,https://assets.ajio.com/medias/sys_master/root/20220222/RZyD/6214063cf997dd03e2e037dc/teamspirit_pink_striped_twofer_top.jpg,Teamspirit Striped Twofer Top
58,https://assets.ajio.com/medias/sys_master/root/20220622/q08f/62b351aaf997dd03e29868f1/maaesa_black_tie_%26_dye_full-sleeve_top.jpg,MAAESA Tie & Dye Full-Sleeve Top
59,https://assets.ajio.com/medias/sys_master/root/20220808/0xxu/62f127e1f997dd03e22d0c7f/fig_purple_embellished_round-neck_top.jpg,FIG Embellished Round-Neck Top
60,https://assets.ajio.com/medias/sys_master/root/20230116/HNJH/63c56eb1f997dd708e0a9867/fbella_teal_floral_print_tiered_tunic_with_tie-up_neck.jpg,FBELLA Floral Print Tiered Tunic with Tie-Up Neck
61,https://assets.ajio.com/medias/sys_master/root/20210810/V4Lm/6111afd5f997ddce89991036/divena_peach_floral_print_mandarin_collar_top.jpg,DIVENA Floral Print Mandarin Collar Top
62,https://assets.ajio.com/medias/sys_master/root/20220223/SemP/62164ddaaeb26921afb2c2c7/dnmx_yellow_schiffli_embroidered_top.jpg,DNMX Schiffli Embroidered Top
63,https://assets.ajio.com/medias/sys_master/root/20220817/m0b9/62fc11a9f997dd394cf72123/draax_fashions_blue_solid_top_with_v_neckline.jpg,Draax Fashions Solid Top with V Neckline
64,https://assets.ajio.com/medias/sys_master/root/20211123/FlL5/619bf1b2f997ddf8f1129228/fig_black_floral_print_square-neck_top.jpg,FIG Floral Print Square-Neck Top
65,https://assets.ajio.com/medias/sys_master/root/20221208/Z5xL/63918491aeb269659cdd83c6/rio_off_white_floral_print_top_with_ruffles.jpg,RIO Floral Print Top with Ruffles
66,https://assets.ajio.com/medias/sys_master/root/20221010/BwrK/63445874aeb269659c360c3e/max_black_ribbed_slim_fit_round-neck_top.jpg,MAX Ribbed Slim Fit Round-Neck Top
67,https://assets.ajio.com/medias/sys_master/root/20221012/2x68/6345d589f997ddfdbd2190d6/kibo_rust_v-neck_puff-sleeves_top.jpg,Kibo V-Neck Puff-Sleeves Top
68,https://assets.ajio.com/medias/sys_master/root/20221117/lUxp/63754994f997ddfdbd7e52e4/winered_purple_embroidered_round-neck_top_.jpg,WINERED Embroidered Round-Neck top
69,https://assets.ajio.com/medias/sys_master/root/20230323/B8fH/641c54b3907deb497aacb4de/keri_perry_teal_floral_print_square-neck_top.jpg,KERI PERRY Floral Print Square-Neck Top
70,https://assets.ajio.com/medias/sys_master/root/20221226/ijJA/63a9b084f997ddfdbdf750ca/wedani_white_sleeveless_high-neck_tank_top.jpg,Wedani Sleeveless High-Neck Tank Top
71,https://assets.ajio.com/medias/sys_master/root/20220908/dXi5/6319048daeb269dbb378deb1/shaye_white_floral_print_top_with_bishop_sleeves.jpg,Shaye Floral Print Top with Bishop Sleeves
72,https://assets.ajio.com/medias/sys_master/root/20221027/bfBt/635ac36cf997ddfdbd428454/wedani_multicoloured_tie_%26_dye_button-front_shirt.jpg,Wedani Tie & Dye Button-Front Shirt
73,https://assets.ajio.com/medias/sys_master/root/20210810/wg6h/6111b019aeb269a2686d86f0/divena_black_geometric_print_roll-up_sleeves_top.jpg,DIVENA Geometric Print Roll-Up Sleeves Top
74,https://assets.ajio.com/medias/sys_master/root/20230321/Pd1t/6419585baeb26924e3e16d74/mwb_black_striped_square-neck_top.jpg,Mwb Striped Square-Neck Top
75,https://assets.ajio.com/medias/sys_master/root/20230321/uitW/6418d39daeb26924e3d409b2/gufrina_brown_printed_top_with_keyhole-neck_.jpg,GUFRINA Printed Top with Keyhole-Neck
76,https://assets.ajio.com/medias/sys_master/root/20220812/SC2x/62f56c31f997dd03e23fef4a/popwings_beige_floral_print_square-neck_crop_top.jpg,POPWINGS Floral Print Square-Neck Crop Top
77,https://assets.ajio.com/medias/sys_master/root/20230413/Uvan/6437a852907deb497addd6ed/kotty_red_round-neck_top_with_puff_sleeves.jpg,KOTTY Round-Neck Top with Puff Sleeves
78,https://assets.ajio.com/medias/sys_master/root/20221203/zI2K/638a6515aeb269659ccc6274/raassio_black_v-neck_full_button-front_top_.jpg,RAASSIO V-Neck Full Button-Front Top
79,https://assets.ajio.com/medias/sys_master/root/20220614/l7QC/62a7984bf997dd03e275e13d/fig_beige_floral_print_peplum_top_with_ruffle_trims.jpg,FIG Floral Print Peplum Top with Ruffle Trims
80,https://assets.ajio.com/medias/sys_master/root/20220530/fvkj/62950afaf997dd03e249d9bd/dnmx_yellow_striped_top_with_puff_sleeves.jpg,DNMX Striped Top with Puff Sleeves
81,https://assets.ajio.com/medias/sys_master/root/20230330/GwLQ/64255e94907deb497abc4917/dracht_black_colourblock_top_with_tiered_sleeves.jpg,DRACHT Colourblock Top with Tiered Sleeves
82,https://assets.ajio.com/medias/sys_master/root/20210327/CFwx/605e30b5f997dd7b645614dd/carlton_london_green_floral_print_top.jpg,Carlton London Floral Print Top
83,https://assets.ajio.com/medias/sys_master/root/20230420/Pz5p/64417911907deb497af7b2f0/fyre_rose_black_high-low_shirt_with_flap_pockets.jpg,Fyre Rose High-Low Shirt with Flap Pockets
84,https://assets.ajio.com/medias/sys_master/root/20220808/kuiO/62f0fbc6f997dd03e22bd41b/fig_rust_polka-dot_print_round-neck_top.jpg,FIG Polka-Dot Print Round-Neck Top
85,https://assets.ajio.com/medias/sys_master/root/20230110/SEnJ/63bc79e3aeb269c651d0a9d7/ives_black_v-neck_full-sleeve_tunic_.jpg,Ives V-Neck Full-Sleeve Tunic
86,https://assets.ajio.com/medias/sys_master/root/20230308/OCw2/640894a9aeb26924e3af9ef4/wedani_navy_blue_floral_print_v-neck_top.jpg,Wedani Floral Print V-Neck Top
87,https://assets.ajio.com/medias/sys_master/root/20230121/OIbn/63caff7cf997dd708e17d4a5/selvia_green_floral_print_v-neck_top.jpg,SELVIA Floral Print V-Neck Top
88,https://assets.ajio.com/medias/sys_master/root/20211208/Pa3Y/61afc545f997ddf8f143697e/selvia_blue_checked_round-neck_top.jpg,SELVIA Checked Round-Neck Top
89,https://assets.ajio.com/medias/sys_master/root/20220802/OzoM/62e964ebaeb26921afbf448f/dhabhai_maroon_paisley_print_top_with_front_buttons.jpg,DHABHAI Paisley Print Top with Front Buttons
90,https://assets.ajio.com/medias/sys_master/root/20230330/emqo/6424ac6e711cf97ba7fb01c5/dracht_white_square-neck_slim_fit_top.jpg,DRACHT Square-Neck Slim Fit Top
91,https://assets.ajio.com/medias/sys_master/root/20200811/E27k/5f31a64b7cdb8ca2cf93220b/rare_black_checked_tie-up_top_with_raglan_sleeves.jpg,Rare Checked Tie-Up Top with Raglan Sleeves
92,https://assets.ajio.com/medias/sys_master/root/20221124/enOI/637e75cfaeb269659cadb950/wedani_multicoloured_floral_print_round-neck_top_.jpg,Wedani Floral Print Round-Neck Top
93,https://assets.ajio.com/medias/sys_master/root/20230220/WtMm/63f393fbaeb26924e37c2cf7/hawt_peach_floral_embroidered_v-neck_tunic.jpg,HAWT Floral Embroidered V-Neck Tunic
94,https://assets.ajio.com/medias/sys_master/root/20220513/CcVG/627e44c3f997dd03e2bb4fc1/akiya_black_embroidered_round-neck_top.jpg,AKIYA Embroidered Round-Neck Top
95,https://assets.ajio.com/medias/sys_master/root/20221122/XkE9/637c6c87aeb269659ca4c42c/fig_mustard_yellow_geometric_print_top_with_raglan_sleeves.jpg,FIG Geometric Print Top with Raglan Sleeves
96,https://assets.ajio.com/medias/sys_master/root/20220422/aMg6/6262c38faeb26921af3d02cc/ives_white_%26_blue_floral_print_top_with_tie-up.jpg,Ives Floral Print Top with Tie-Up
97,https://assets.ajio.com/medias/sys_master/root/20220817/9Uw8/62fc3c1df997dd394cfa01f3/draax_fashions_green_round-neck_slim_fit_wrap_top.jpg,Draax Fashions Round-Neck Slim Fit Wrap Top
98,https://assets.ajio.com/medias/sys_master/root/20220827/zgu4/63092ff1f997dd394c292bb9/angloindu_cream_floral_print_top_with_cuffed_sleeves_.jpg,Angloindu Floral Print Top with Cuffed Sleeves
99,https://assets.ajio.com/medias/sys_master/root/20221231/8pVu/63af54cdaeb269659c1a2972/v%26m_green_round-neck_top_with_peasant_sleeves.jpg,V&M Round-Neck Top with Peasant Sleeves
100,https://assets.ajio.com/medias/sys_master/root/20220915/TYAW/6322437faeb269dbb38c9903/harpa_black_full-sleeves_square-neck_top.jpg,HARPA Full-Sleeves Square-Neck Top
101,https://assets.ajio.com/medias/sys_master/root/20230317/ChFj/64141a4af997dde6f404ae70/wedani_pink_floral_print_crepe_top.jpg,Wedani Floral Print Crepe Top
102,https://assets.ajio.com/medias/sys_master/root/20221122/Iurp/637cf63faeb269659ca715c0/fig_pink_floral_print_top_with_camisole.jpg,FIG Floral Print Top with Camisole
103,https://assets.ajio.com/medias/sys_master/root/20221028/v6zP/635afc0eaeb269659c6140cd/kibo_black_floral_print_v-neck_top.jpg,Kibo Floral Print V-Neck Top
104,https://assets.ajio.com/medias/sys_master/root/20221103/tuVl/6363d2e3f997ddfdbd560844/fyre_rose_medium_blue_tie_%26_dye_button-front_top.jpg,Fyre Rose Tie & Dye Button-Front Top
105,https://assets.ajio.com/medias/sys_master/root/20230203/ofQm/63dcb116aeb269c6510d16a6/fig_beige_floral_print_pleated_top.jpg,FIG Floral Print Pleated Top
106,https://assets.ajio.com/medias/sys_master/root/20211002/iIE5/6157d279f997ddce89ed3df9/saakaa_black_embroidered_boat-neck_top.jpg,SAAKAA Embroidered Boat-Neck Top
107,https://assets.ajio.com/medias/sys_master/root/20230517/NDfT/6464cbb642f9e729d790caba/buda_jeans_co_black_floral_print_surplice-neck_top.jpg,Buda Jeans Co Floral Print Surplice-Neck Top
108,https://assets.ajio.com/medias/sys_master/root/20230313/O1UB/640f51efaeb26924e3bb6180/blue_trend_yellow_floral_print_top_with_gathered_waist.jpg,BLUE TREND Floral Print Top with Gathered Waist
109,https://assets.ajio.com/medias/sys_master/root/20230301/pJDe/63fe8407aeb26924e39a2be1/wedani_black_floral_print_round-neck_top.jpg,Wedani Floral Print Round-Neck Top
110,https://assets.ajio.com/medias/sys_master/root/20210403/n5lz/6068aa237cdb8c1f1479d274/maishi_red_round-neck_top_with_button_fastening.jpg,MAISHI Round-Neck Top with Button Fastening
111,https://assets.ajio.com/medias/sys_master/root/20230322/EhoM/641b0b30907deb497aa91924/clafoutis_black_sleeveless_high-neck_crop_top.jpg,Clafoutis Sleeveless High-Neck Crop Top
112,https://assets.ajio.com/medias/sys_master/root/20230327/PrWD/64214a4a711cf97ba7efb349/style_quotient_white_v-neck_top_with_puff_sleeves.jpg,Style Quotient V-Neck Top with Puff Sleeves
113,https://assets.ajio.com/medias/sys_master/root/20220823/RKIy/6303f334f997dd394c11d23b/dhabhai_multicoloured_leaf_print_tunic_with_bell_sleeves.jpg,DHABHAI Leaf Print Tunic with Bell Sleeves
114,https://assets.ajio.com/medias/sys_master/root/20210403/vs5O/60685c3a7cdb8c1f14746a5c/ives_white_floral_top.jpg,Ives Floral Top
115,https://assets.ajio.com/medias/sys_master/root/20230220/zzJl/63f313fcaeb26924e37b6feb/hawt_black_printed_v-neck_top.jpg,HAWT Printed V-Neck Top
116,https://assets.ajio.com/medias/sys_master/root/20221012/BWAR/6345d78eaeb269659c3e24e4/kibo_pink_floral_top.jpg,Kibo Floral Top
117,https://assets.ajio.com/medias/sys_master/root/20230313/7yPZ/640f662bf997dde6f4f557d7/blue_trend_red_paisley_print_top_with_bell_sleeves.jpg,BLUE TREND Paisley Print Top with Bell Sleeves
118,https://assets.ajio.com/medias/sys_master/root/20230320/CvG0/64185766aeb26924e3ce8f89/fery_london_white_round-neck_crop_top.jpg,Fery London Round-Neck Crop Top
119,https://assets.ajio.com/medias/sys_master/root/20220913/UT3S/6320640af997dd1f8df94094/prettify_pink_striped_round-neck_top.jpg,PRETTIFY Striped Round-Neck Top
120,https://assets.ajio.com/medias/sys_master/root/20230321/dloj/6419b494f997dde6f4216557/clafoutis_black_ribbed_square-neck_fitted_top.jpg,Clafoutis Ribbed Square-Neck Fitted Top
121,https://assets.ajio.com/medias/sys_master/root/20230315/phIj/6411a117aeb26924e3c39321/fig_pink_embroidered_round-neck_top.jpg,FIG Embroidered Round-Neck Top
122,https://assets.ajio.com/medias/sys_master/root/20220914/9enC/6320ef39aeb269dbb3892051/harpa_maroon_chevron_pattern_top.jpg,HARPA Chevron Pattern Top
123,https://assets.ajio.com/medias/sys_master/root/20210403/zhb6/60686170aeb269a9e3311cbe/marie_claire_yellow_band_collared_top_with_balloon_sleeves.jpg,MARIE CLAIRE Band Collared Top with Balloon Sleeves
124,https://assets.ajio.com/medias/sys_master/root/20220601/sh0F/6296ea21aeb26921af01d43c/shaye_cream_floral_print_v-neck_top.jpg,Shaye Floral Print V-neck Top
125,https://assets.ajio.com/medias/sys_master/root/20230313/Nr9w/640f4468aeb26924e3bb1ebe/blue_trend_black_floral_print_top_with_layered_sleeves.jpg,BLUE TREND Floral Print Top with Layered Sleeves
126,https://assets.ajio.com/medias/sys_master/root/20230425/W7Cc/6447d33542f9e729d74f335f/deaim_peach_floral_print_top_with_3_4th__sleeves.jpg,Deaim Floral Print Top with 3/4th Sleeves
127,https://assets.ajio.com/medias/sys_master/root/20230308/ucgI/6408997df997dde6f4e99aed/wedani_beige_printed_v-neck_top.jpg,Wedani Printed V-Neck Top
128,https://assets.ajio.com/medias/sys_master/root/20220623/IQS7/62b4afd2f997dd03e29a8107/teamspirit_black_zip-front_crop_polo_top.jpg,Teamspirit Zip-Front Crop Polo Top
129,https://assets.ajio.com/medias/sys_master/root/20211208/K3sR/61afb5bfaeb2690110feff1c/mayra_white_floral_print_round-neck_top.jpg,Mayra Floral Print Round-Neck Top
130,https://assets.ajio.com/medias/sys_master/root/20220803/wWx9/62ea4d4af997dd03e21d61b0/mabish_by_sonal_jain_olive_green_wrap_top_with_tie-up_%26_cuff_sleeves.jpg,Mabish By Sonal Jain Wrap Top with Tie-Up & Cuff Sleeves
131,https://assets.ajio.com/medias/sys_master/root/20221117/N6wy/6376485caeb269659c99d0d0/fig_beige_floral_print_top_with_ruffles.jpg,FIG Floral Print Top with Ruffles
132,https://assets.ajio.com/medias/sys_master/root/20220730/yYne/62e4af9af997dd03e20c5e5a/winered_yellow_embroidered_v-neck_top.jpg,WINERED Embroidered V-neck Top
133,https://assets.ajio.com/medias/sys_master/root/20221007/FUEr/633f56bdf997ddfdbd0c0788/popwings_white_ribbed_v-neck_.jpg,POPWINGS Ribbed V-neck
134,https://assets.ajio.com/medias/sys_master/root/20221123/QiDx/637d418ff997ddfdbd9070ff/wedani_white_floral_print_round-neck_top.jpg,Wedani Floral Print Round-Neck Top
135,https://assets.ajio.com/medias/sys_master/root/20221010/70KA/63443613f997ddfdbd1838c1/bhama_couture_teal_floral_print_button-down_top.jpg,Bhama Couture Floral Print Button-Down Top
136,https://assets.ajio.com/medias/sys_master/root/20230309/3UOC/640a2232aeb26924e3b4725d/agaru_pink_embroidered_round-neck_tunic.jpg,AGARU Embroidered Round-Neck Tunic
137,https://assets.ajio.com/medias/sys_master/root/20230106/AxvI/63b73512f997dd708ed60150/divena_cream_floral_print_collar-neck_tunic.jpg,DIVENA Floral Print Collar-Neck Tunic
138,https://assets.ajio.com/medias/sys_master/root/20220330/DCXM/6244951df997dd03e23d9855/anvi_be_yourself_brown_animal_print_puff_sleeve_regular_top.jpg,Anvi be yourself Animal Print Puff Sleeve Regular Top
139,https://assets.ajio.com/medias/sys_master/root/20230110/PMqZ/63bd257df997dd708ef93528/clafoutis_multicoloured_pack_of_3_sleeveless_slim_fit_tops.jpg,Clafoutis Pack of 3 Sleeveless Slim Fit Tops
140,https://assets.ajio.com/medias/sys_master/root/20230307/tlVM/64067352f997dde6f4e3d796/dream_beauty_fashion_fuchsia_round-neck_top_with_puff_sleeves.jpg,DREAM BEAUTY FASHION Round-Neck Top with Puff Sleeves
141,https://assets.ajio.com/medias/sys_master/root/20220611/34oN/62a3aa5bf997dd03e271df4c/teamspirit_pink_colourblock_round-neck_top.jpg,Teamspirit Colourblock Round-Neck Top
142,https://assets.ajio.com/medias/sys_master/root/20230111/OvYk/63be98abaeb269c651d7e9e7/selvia_grey_checked_relaxed_fit_top.jpg,SELVIA Checked Relaxed Fit Top
143,https://assets.ajio.com/medias/sys_master/root/20220204/B5k2/61fcd27ef997dd03e2c0682d/quiero_black_embellished_round-neck_top.jpg,Quiero Embellished Round-Neck Top
144,https://assets.ajio.com/medias/sys_master/root/20230418/Hgmc/643e94c7711cf97ba72fa71e/mwb_lavender_short-sleeves_top_with_sweetheart-neck.jpg,Mwb Short-Sleeves Top with Sweetheart-Neck
145,https://assets.ajio.com/medias/sys_master/root/20220823/4SCL/6303e8b6f997dd394c10f4b2/fig_purple_top_with_zip_accent.jpg,FIG Top with Zip Accent
146,https://assets.ajio.com/medias/sys_master/root/20220803/oSoH/62ea4e41f997dd03e21d8134/mabish_by_sonal_jain_taupe_mandarin_collar_puff_sleeves_top.jpg,Mabish By Sonal Jain Mandarin Collar Puff Sleeves Top
147,https://assets.ajio.com/medias/sys_master/root/20221026/VbQh/635917ebaeb269659c5afcd8/rio_green_polka-dot_print_peplum_top.jpg,RIO Polka-Dot Print Peplum Top
148,https://assets.ajio.com/medias/sys_master/root/20220721/U0K0/62d869fcf997dd03e2e499a6/vaamii_blue_embroidered_crew-neck_tunic.jpg,VAAMII Embroidered Crew-Neck Tunic
149,https://assets.ajio.com/medias/sys_master/root/20210403/s5ws/60685e0d7cdb8c1f147482b7/miss_chase_navy_blue_solid_top_with_peter_pan_collar.jpg,MISS CHASE Solid Top with Peter Pan Collar
150,https://assets.ajio.com/medias/sys_master/root/20220905/on6N/63160707aeb269dbb36c0967/fig_mustard_embellished_round-neck_top.jpg,FIG Embellished Round-Neck Top
151,https://assets.ajio.com/medias/sys_master/root/20220921/HToa/632a07a3aeb269dbb398410c/fig_navy_blue_top_with_shirt_collar.jpg,FIG Top with Shirt Collar
152,https://assets.ajio.com/medias/sys_master/root/20230427/92DE/6449c303d55b7d0c6381472e/dream_beauty_fashion_blue_printed_slim_fit_top.jpg,DREAM BEAUTY FASHION Printed Slim Fit Top
153,https://assets.ajio.com/medias/sys_master/root/20230224/GyES/63f85bc9aeb26924e38a73d0/fyre_rose_pink_ribbed_crop_top.jpg,Fyre Rose Ribbed Crop Top
154,https://assets.ajio.com/medias/sys_master/root/20230322/ygnD/641aac94907deb497a9c5129/aarsha_green_striped_v-neck_top.jpg,Aarsha Striped V-Neck Top
155,https://assets.ajio.com/medias/sys_master/root/20230427/yX0Q/64499908d55b7d0c638145b5/tior_maroon_square-neck_top_with_puff-sleeves.jpg,Tior Square-Neck Top with Puff-Sleeves
156,https://assets.ajio.com/medias/sys_master/root/20230414/UO2R/64384f38907deb497ae06077/tior_black_floral_print_v-neck_flaired_top.jpg,Tior Floral Print V-Neck Flaired Top
157,https://assets.ajio.com/medias/sys_master/root/20210724/Q2WA/60fb2920f997ddb3123704e1/fig_green_round-neck_schifilli_top.jpg,FIG Round-Neck Schifilli Top
158,https://assets.ajio.com/medias/sys_master/root/20230517/LkL6/6464d23242f9e729d7910674/fyre_rose_blue_printed_peplum_top_with_lace-up_back.jpg,Fyre Rose Printed Peplum Top with Lace-Up Back
159,https://assets.ajio.com/medias/sys_master/root/20220121/DIsq/61ea8acdaeb2695cdd2764d2/clafoutis_black_full_sleeves_v-neck_crop_top.jpg,Clafoutis Full Sleeves V-neck Crop Top
160,https://assets.ajio.com/medias/sys_master/root/20220718/Rubx/62d57a2ff997dd03e2dbd1cd/dj_%26_c_green_leaf-print_mandarin_collar_tunic.jpg,DJ & C Leaf-Print Mandarin Collar Tunic
161,https://assets.ajio.com/medias/sys_master/root/20220212/70Oe/6206b185f997dd03e2cc8a6f/kipek_maroon_floral_print_3_4th_sleeves_top.jpg,KIPEK Floral Print 3/4th Sleeves Top
162,https://assets.ajio.com/medias/sys_master/root/20221209/WHd4/63923270f997ddfdbdc87a68/zink_london_off_white_textured_round-neck_top.jpg,Zink London Textured Round-Neck Top
163,https://assets.ajio.com/medias/sys_master/root/20221229/zNSp/63adbfb8f997ddfdbd02a208/the_dry_state_blue_floral_print_crop_top_with_puff_sleeves.jpg,The Dry State Floral Print Crop Top with Puff Sleeves
164,https://assets.ajio.com/medias/sys_master/root/20220819/QxF8/62ffb010f997dd394c08496f/mish_brown_puff_sleeves_v-neck_top_.jpg,Mish Puff Sleeves V-neck Top
165,https://assets.ajio.com/medias/sys_master/root/20230418/y3tQ/643e92f7711cf97ba72f6453/mwb_green_short-sleeves_square-neck_top.jpg,Mwb Short-Sleeves Square-Neck Top
166,https://assets.ajio.com/medias/sys_master/root/20230201/9Vbe/63da8344f997dd708e330624/rio_white_self-striped_round-neck_top.jpg,RIO Self-Striped Round-Neck Top
167,https://assets.ajio.com/medias/sys_master/root/20220610/lZYU/62a2e3cef997dd03e270ce82/isam_maroon_floral_print_v-neck_top.jpg,Isam Floral Print V-neck Top
168,https://assets.ajio.com/medias/sys_master/root/20230227/q83l/63fcdfd0f997dde6f4cb94c3/dnmx_blue_schiffli_v-neck_top_with_gathered_waist.jpg,DNMX Schiffli V-Neck Top with Gathered Waist
169,https://assets.ajio.com/medias/sys_master/root/20230201/9z2Z/63da88e3aeb269c65109ed07/rio_pink_self-striped_round-neck_top.jpg,RIO Self-Striped Round-Neck Top
170,https://assets.ajio.com/medias/sys_master/root/20210403/WACf/606762b87cdb8c1f1473b66f/carlton_london_black_full_sleeves_top_with_neck_tie-up.jpg,Carlton London Full Sleeves Top with Neck Tie-up
171,https://assets.ajio.com/medias/sys_master/root/20220420/yyrr/625f0977f997dd03e2695366/project_eve_pink_%26_white_checked_top_with_raglan_sleeves.jpg,Project Eve Checked Top with Raglan Sleeves
172,https://assets.ajio.com/medias/sys_master/root/20230110/wsxV/63bc798cf997dd708ef73cdc/jainish_cream_lace_top_with_tie-up.jpg,JAINISH Lace Top with Tie-Up
173,https://assets.ajio.com/medias/sys_master/root/20220622/jDOM/62b3286aaeb26921af417106/fig_black_printed_top_with_puff_sleeves.jpg,FIG Printed Top with Puff Sleeves
174,https://assets.ajio.com/medias/sys_master/root/20230109/ysa9/63bbd231aeb269c651cb9a44/ives_white_animal_print_v-neck_tunic_.jpg,Ives Animal Print V-Neck Tunic
175,https://assets.ajio.com/medias/sys_master/root/20230120/J5P9/63ca739cf997dd708e151877/fig_fuchsia_pleated_round-neck_top.jpg,FIG Pleated Round-Neck Top
176,https://assets.ajio.com/medias/sys_master/root/20221112/Lu9r/636e94d3aeb269659c88586e/fyre_rose_white_button-down_top_with_collar.jpg,Fyre Rose Button-Down Top with Collar
177,https://assets.ajio.com/medias/sys_master/root/20220817/Mlcq/62fc3c44f997dd394cfa06c4/dhabhai_blue_floral_print_round-neck_tunic_.jpg,DHABHAI Floral Print Round-Neck Tunic
178,https://assets.ajio.com/medias/sys_master/root/20230418/yhnE/643e9304711cf97ba72f662d/mwb_brown_square-neck_top_with_seam_detailing.jpg,Mwb Square-Neck Top with Seam Detailing
179,https://assets.ajio.com/medias/sys_master/root/20230424/oxDn/644680c3907deb497afc1c41/mwb_orange_ribbed_top_with_short_sleeves_.jpg,Mwb Ribbed Top with Short Sleeves
180,https://assets.ajio.com/medias/sys_master/root/20220204/JBl1/61fcd27daeb26921af8987e8/quiero_black_floral_embroidered_top.jpg,Quiero Floral Embroidered Top
181,https://assets.ajio.com/medias/sys_master/root/20230221/gTUM/63f4a0f0aeb26924e37f376e/dj_%26_c_black_floral_print_button-down_top.jpg,DJ & C Floral Print Button-Down Top
182,https://assets.ajio.com/medias/sys_master/root/20220302/r6Q9/621e74c3aeb26921afbf9d6b/teamspirit_blue_typographic_print_round-neck_top.jpg,Teamspirit Typographic Print Round-Neck Top
183,https://assets.ajio.com/medias/sys_master/root/20230220/Hi2G/63f34bcfaeb26924e37b78b5/hawt_red_top_with_tie-up_accent.jpg,HAWT Top with Tie-Up Accent
184,https://assets.ajio.com/medias/sys_master/root/20230322/kpya/641ad0b4711cf97ba7dfb7c7/wedani_white_top_with_puff_sleeves.jpg,Wedani Top with Puff sleeves
185,https://assets.ajio.com/medias/sys_master/root/20221103/UXlh/63639fb6f997ddfdbd5405f6/dnmx_blue_floral_print_round-neck_blouse.jpg,DNMX Floral Print Round-Neck Blouse
186,https://assets.ajio.com/medias/sys_master/root/20211123/n0cw/619bf310aeb2690110d0b6d6/teamspirit_multicoloured_colourblock_two-fer_tank_top.jpg,Teamspirit Colourblock Two-Fer Tank Top
187,https://assets.ajio.com/medias/sys_master/root/20210810/fEJs/61122f5bf997ddce8999e92b/divena_navy_blue_floral_print_mandarin_collar_top.jpg,DIVENA Floral Print Mandarin Collar Top
188,https://assets.ajio.com/medias/sys_master/root/20220711/RwOA/62cc04b7aeb26921af6edc00/vaamii_mustard_floral_embroidered_top.jpg,VAAMII Floral Embroidered Top
189,https://assets.ajio.com/medias/sys_master/root/20221118/wDtd/6377a5a6f997ddfdbd84a4d7/mish_purple_collar_neck_cuffed_sleeves_top.jpg,Mish Collar Neck Cuffed Sleeves Top
190,https://assets.ajio.com/medias/sys_master/root/20230227/v4Jy/63fc864ef997dde6f4c9e3b1/outryt_peach_women_boxy_fit_top_with_extended_sleeves.jpg,Outryt Women Boxy Fit Top with Extended Sleeves
191,https://assets.ajio.com/medias/sys_master/root/20230314/oeoL/640f6d68f997dde6f4f5e44d/blue_trend_coral_floral_print_top_with_layered_sleeves.jpg,BLUE TREND Floral Print Top with Layered Sleeves
192,https://assets.ajio.com/medias/sys_master/root/20210311/1O3R/6049c5a77cdb8c1f145deedd/cottinfab_blue_relaxed_fit_striped_tunic.jpg,COTTINFAB Relaxed Fit Striped Tunic
193,https://assets.ajio.com/medias/sys_master/root/20230330/NsT8/6424b4c4711cf97ba7fb17e6/the_dry_state_multicoloured_graphic_print_crop_top.jpg,The Dry State Graphic Print Crop Top
194,https://assets.ajio.com/medias/sys_master/root/20230517/HOBV/6464bca142f9e729d79003f5/fyre_rose_black_ruffle_neck_top_with_lace_inserts.jpg,Fyre Rose Ruffle Neck Top with Lace Inserts
195,https://assets.ajio.com/medias/sys_master/root/20230426/lfWD/6449428d42f9e729d751acaf/ketch_black_ruched_cami_peplum_top.jpg,Ketch Ruched Cami Peplum Top
196,https://assets.ajio.com/medias/sys_master/root/20220223/ENzK/62165125f997dd03e2eb6ec0/teamspirit_light_green_typographic_print_round-neck_top.jpg,Teamspirit Typographic Print Round-Neck Top
197,https://assets.ajio.com/medias/sys_master/root/20220624/7fgs/62b4b141aeb26921af436f8f/fig_pink_top_with_tie-up.jpg,FIG Top with Tie-Up
198,https://assets.ajio.com/medias/sys_master/root/20220916/Q6Sd/632415d5aeb269dbb390011b/trends_tower_black_full_sleeves_v-neck_top.jpg,TRENDS TOWER Full Sleeves V-Neck Top
199,https://assets.ajio.com/medias/sys_master/root/20230316/tuL5/6413413faeb26924e3c897f7/fuelle_wine_embroidered_round-neck_top.jpg,FUELLE Embroidered Round-Neck Top
200,https://assets.ajio.com/medias/sys_master/root/20220621/gpJU/62b1adacaeb26921af3c27ae/fig_rust_brown_ribbed_sleeveless_top.jpg,FIG Ribbed Sleeveless Top
201,https://assets.ajio.com/medias/sys_master/root/20221006/ZoJK/633efed7f997ddfdbd0a0a34/fig_black_polka-dot_print_high-neck_top.jpg,FIG Polka-Dot Print High-Neck Top
202,https://assets.ajio.com/medias/sys_master/root/20230208/mM6b/63e34282aeb26924e35e5956/fig_lavender_round-neck_top_with_cuffed_sleeves.jpg,FIG Round-Neck Top with Cuffed Sleeves
203,https://assets.ajio.com/medias/sys_master/root/20221005/nvbO/633c9462f997ddfdbd07c590/fyre_rose_white_shirt_top_with_notched_lapel_collar.jpg,Fyre Rose Shirt Top with Notched Lapel Collar
204,https://assets.ajio.com/medias/sys_master/root/20230404/yvBz/642bf1a1711cf97ba70774ba/selvia_yellow_embroidered_top_with_3_4th_sleeves.jpg,SELVIA Embroidered Top with 3/4th Sleeves
205,https://assets.ajio.com/medias/sys_master/root/20211207/jWDc/61af8be6aeb2690110fd1265/mayra_pink_stripes_top.jpg,Mayra Stripes Top
206,https://assets.ajio.com/medias/sys_master/root/20230331/Wyu6/64267b8a907deb497abec26d/style_quotient_green_multi_floral_print_v-neck_top.jpg,Style Quotient Floral Print V-Neck Top
207,https://assets.ajio.com/medias/sys_master/root/20220423/CDpV/62631322aeb26921af3d811a/bhama_couture_black_puff_sleeve_top_with_button_closure_.jpg,Bhama Couture Puff Sleeve Top with Button Closure
208,https://assets.ajio.com/medias/sys_master/root/20230517/tkCn/6464ca4ed55b7d0c63bd27fa/fyre_rose_blue_striped_oversized_shirt.jpg,Fyre Rose Striped Oversized Shirt
209,https://assets.ajio.com/medias/sys_master/root/20230329/R3O2/64240a6e907deb497ab9eb51/jainish_green_leaf_print_round-neck_top.jpg,JAINISH Leaf Print Round-Neck Top
210,https://assets.ajio.com/medias/sys_master/root/20211028/R7HO/6179bd65f997ddf8f1ee59aa/ashlee_white_embroidered_top_with_tie-up.jpg,ASHLEE Embroidered Top with Tie-Up
211,https://assets.ajio.com/medias/sys_master/root/20221014/jrj1/63492e00aeb269659c450e5a/fyre_rose_orange_floral_print_wrap_top_with_ruffle_detail.jpg,Fyre Rose Floral Print Wrap Top with Ruffle Detail
212,https://assets.ajio.com/medias/sys_master/root/20221007/MLQL/633f50e6f997ddfdbd0baf0c/popwings_maroon_ribbed_puff-sleeve_top_.jpg,POPWINGS Ribbed Puff-Sleeve Top
213,https://assets.ajio.com/medias/sys_master/root/20230426/S94j/6449413d42f9e729d751a6b7/ketch_white_self-design_strappy_smocked_peplum_top.jpg,Ketch Self-Design Strappy Smocked Peplum Top
214,https://assets.ajio.com/medias/sys_master/root/20221126/fimx/63813598f997ddfdbda084cc/sera_black_floral_print_v-neck_top.jpg,Sera Floral Print V-Neck Top
215,https://assets.ajio.com/medias/sys_master/root/20221026/zxPW/6359115ff997ddfdbd4037a4/fig_peach_reptilian_print_round-neck_top.jpg,FIG Reptilian Print Round-Neck Top
216,https://assets.ajio.com/medias/sys_master/root/20210403/BR87/60689e36f997dd7b64622cd8/maishi_pink_geometric_print_neck_tie-up_top.jpg,MAISHI Geometric Print Neck Tie-Up Top
217,https://assets.ajio.com/medias/sys_master/root/20220718/t8QW/62d572c7aeb26921af80a674/dj_%26_c_black_geometric_print_top_with_patch_pocket.jpg,DJ & C Geometric Print Top with Patch Pocket
218,https://assets.ajio.com/medias/sys_master/root/20230213/MRzT/63ea5689aeb26924e36beb3b/encrustd_off_white_sweetheart-neck_top_with_tie-up.jpg,Encrustd Sweetheart-Neck Top with Tie-Up
219,https://assets.ajio.com/medias/sys_master/root/20230220/RE2v/63f34d2cf997dde6f4b25f97/hawt_rust_floral_embroidered_v-neck_tunic.jpg,HAWT Floral Embroidered V-Neck Tunic
220,https://assets.ajio.com/medias/sys_master/root/20211023/aDSN/6173b6a4f997ddf8f1e4c564/cottinfab_yellow_abstract_print_top.jpg,COTTINFAB Abstract Print Top
221,https://assets.ajio.com/medias/sys_master/root/20210403/QQtr/60692705aeb269a9e33f23ab/la_zoire_white_lace_panelled_high-low_top.jpg,La Zoire Lace Panelled High-Low Top
222,https://assets.ajio.com/medias/sys_master/root/20230307/k19P/6406714df997dde6f4e385db/keri_perry_beige_floral_print_wrap_top.jpg,KERI PERRY Floral Print Wrap Top
223,https://assets.ajio.com/medias/sys_master/root/20221018/2nph/634dc9d9aeb269659c4a7b84/popwings_rust_textured_v-neck_top.jpg,POPWINGS Textured V-Neck Top
224,https://assets.ajio.com/medias/sys_master/root/20230321/MhaD/6419cb40f997dde6f423f145/encrustd_yellow_floral_print_sweetheart-neck_top_with_tie-up.jpg,Encrustd Floral Print Sweetheart-Neck Top with Tie-Up
225,https://assets.ajio.com/medias/sys_master/root/20220217/brab/620d43b5f997dd03e2d35f94/dnmx_navy_blue_floral_print_top_with_smocked_neckline.jpg,DNMX Floral Print Top with Smocked Neckline
226,https://assets.ajio.com/medias/sys_master/root/20221124/g3Dq/637f1258f997ddfdbd9776d1/teamspirit_off-white_typographic_print_crew-neck_t-shirt.jpg,Teamspirit Typographic Print Crew-Neck T-Shirt
227,https://assets.ajio.com/medias/sys_master/root/20210403/6LCB/60694ec97cdb8c1f14848e34/zima_leto_black_striped_v-neck_top.jpg,Zima Leto Striped V-Neck Top
228,https://assets.ajio.com/medias/sys_master/root/20230327/01DU/64214e36711cf97ba7f02920/style_quotient_white_round-neck_top_with_puff_sleeves.jpg,Style Quotient Round-Neck Top with Puff Sleeves
229,https://assets.ajio.com/medias/sys_master/root/20230428/NBN7/644b9862d55b7d0c63868dff/tior_blue_floral_top.jpg,Tior Floral Top
230,https://assets.ajio.com/medias/sys_master/root/20220610/79Io/62a244dff997dd03e26f8d4c/teamspirit_orange_striped_crew-neck_top.jpg,Teamspirit Striped Crew-Neck Top
231,https://assets.ajio.com/medias/sys_master/root/20220921/i0Zi/632a1439f997dd1f8d0d445f/dj_%26_c_white_floral_print_round-neck_top.jpg,DJ & C Floral Print Round-Neck Top
232,https://assets.ajio.com/medias/sys_master/root/20230214/4CkV/63eb2cccaeb26924e36da774/fyre_rose_lilac_floral_embroidered_round-neck_top.jpg,Fyre Rose Floral Embroidered Round-Neck Top
233,https://assets.ajio.com/medias/sys_master/root/20230331/9CO3/64268240711cf97ba7fee61e/gap_black_gauze_v-neck_top.jpg,GAP Gauze V-Neck Top
234,https://assets.ajio.com/medias/sys_master/root/20230321/xRWb/6419f37b907deb497a984571/gufrina_multicoloured_striped_tailored_fit_tunic.jpg,GUFRINA Striped Tailored Fit Tunic
235,https://assets.ajio.com/medias/sys_master/root/20210831/LHSo/612d452e7cdb8cb8240df644/aks_maroon_%26_blue_printed_round-neck_tunic.jpg,AKS Printed Round-Neck Tunic
236,https://assets.ajio.com/medias/sys_master/root/20210615/FLDl/60c7cd44aeb269a9e3e7b715/saakaa_black_floral_embroidered_tunic.jpg,SAAKAA Floral Embroidered Tunic
237,https://assets.ajio.com/medias/sys_master/root/20220908/X60I/6318f9b5aeb269dbb378a715/fyre_rose_rose_pink_embellished_v-neck_blouson_top.jpg,Fyre Rose Embellished V-neck Blouson Top
238,https://assets.ajio.com/medias/sys_master/root/20230517/HNDY/6464bd3b42f9e729d7900e9e/buda_jeans_co_pink_checked_square-neck_top.jpg,Buda Jeans Co Checked Square-Neck Top
239,https://assets.ajio.com/medias/sys_master/root/20220211/XpI6/62068126f997dd03e2cc5df7/dnmx_navy_blue_floral_embroidered_v-neck_peplum_top.jpg,DNMX Floral Embroidered V-neck Peplum Top
240,https://assets.ajio.com/medias/sys_master/root/20221007/tdq1/6340153cf997ddfdbd0db4bd/dnmx_blue_flared_top_with_embroidery.jpg,DNMX Flared Top with Embroidery
241,https://assets.ajio.com/medias/sys_master/root/20230321/He5V/6419f33b711cf97ba7d6a81f/gufrina_green_floral_print_tailored_fit_tunic.jpg,GUFRINA Floral Print Tailored Fit Tunic
242,https://assets.ajio.com/medias/sys_master/root/20230307/JpSm/6406786caeb26924e3ab44e9/dream_beauty_fashion_white_square-neck_top_with_puff_sleeves.jpg,DREAM BEAUTY FASHION Square-Neck Top with Puff Sleeves
243,https://assets.ajio.com/medias/sys_master/root/h1f/h69/15558688014366/pannkh_mustard__novelty__top_.jpg,Pannkh Novelty Top
244,https://assets.ajio.com/medias/sys_master/root/20230111/1LKk/63be5966aeb269c651d76c55/fig_pink_floral_print_top_with_puff_sleeves.jpg,FIG Floral Print Top with Puff Sleeves
245,https://assets.ajio.com/medias/sys_master/root/20220823/ElkD/6303f305f997dd394c11cd77/dhabhai_maroon_floral_print_tunic_with_extended_sleeves.jpg,DHABHAI Floral Print Tunic with Extended Sleeves
246,https://assets.ajio.com/medias/sys_master/root/20220429/cqfO/626c1b85f997dd03e28b5011/fig_white_heathered_round-neck_top.jpg,FIG Heathered Round-Neck Top
247,https://assets.ajio.com/medias/sys_master/root/20221207/4rFp/63906da0f997ddfdbdc351c5/rio_multicolored_printed_square-neck_top.jpg,RIO Printed Square-Neck Top
248,https://assets.ajio.com/medias/sys_master/root/20230315/Xp1t/64116615aeb26924e3c0f8b0/fyre_rose_wine_red_printed_shirt_with_spread_collar.jpg,Fyre Rose Printed Shirt with Spread Collar
249,https://assets.ajio.com/medias/sys_master/root/20221123/6oQy/637dbe7ef997ddfdbd9296e0/dnmx_pink_floral_print_round-neck_top_with_tie-up.jpg,DNMX Floral Print Round-Neck Top with Tie-Up
250,https://assets.ajio.com/medias/sys_master/root/20220610/nbmH/62a247feaeb26921af1a199f/teamspirit_green_striped_crew-neck_top.jpg,Teamspirit Striped Crew-Neck Top
251,https://assets.ajio.com/medias/sys_master/root/20230322/pWLI/641aa8ab907deb497a9bbac2/keri_perry_blue_floral_print_top_with_puff_sleeves.jpg,KERI PERRY Floral Print Top with Puff Sleeves
252,https://assets.ajio.com/medias/sys_master/root/20220819/WTYt/62ffb060aeb26917618966e7/mish_pink_butterfly_sleeves__medium-length_top___.jpg,Mish Butterfly Sleeves Medium-length Top
253,https://assets.ajio.com/medias/sys_master/root/20230220/p4b7/63f34d8daeb26924e37b7f2c/hawt_blue_schiffli_embroidered_top_with_ruffle_accent.jpg,HAWT Schiffli Embroidered Top with Ruffle Accent
254,https://assets.ajio.com/medias/sys_master/root/20210311/E3lR/6049c6ccaeb26969817f953c/cottinfab_black_striped_top_with_button_fastening.jpg,COTTINFAB Striped Top with Button Fastening
255,https://assets.ajio.com/medias/sys_master/root/20220505/7xLF/6272d376f997dd03e294b0b6/fig_pink_micro_print_round-neck_top.jpg,FIG Micro Print Round-Neck Top
256,https://assets.ajio.com/medias/sys_master/root/20220927/PgwP/6333295af997dd1f8d208d63/dnmx_burgundy_high-low_top_with_neck_tie-up.jpg,DNMX High-Low Top with Neck Tie-Up
257,https://assets.ajio.com/medias/sys_master/root/20220607/F7I8/629e6255f997dd03e2678809/fig_green_micro_print_round-neck_top.jpg,FIG Micro Print Round-Neck Top
258,https://assets.ajio.com/medias/sys_master/root/20221206/lM6P/638e6101f997ddfdbdbc3d37/q_-_rious_black_ribbed_round-neck_fitted_top.jpg,Q - RIOUS Ribbed Round-Neck Fitted Top
259,https://assets.ajio.com/medias/sys_master/root/20220902/j78f/63111996aeb269dbb362d7c9/ishin_off_white_floral_print_round-neck_top.jpg,Ishin Floral Print Round-Neck Top
260,https://assets.ajio.com/medias/sys_master/root/20230116/VjSD/63c52cd8aeb269c651e1bb41/dnmx_off-white_floral_print_button-down_top.jpg,DNMX Floral Print Button-Down Top
261,https://assets.ajio.com/medias/sys_master/root/20220623/sNZK/62b4a495aeb26921af432ed8/teamspirit_multicoloured_printed_top_with_inner.jpg,Teamspirit Printed Top with Inner
262,https://assets.ajio.com/medias/sys_master/root/20211208/NjCV/61afb859aeb2690110ff3768/mayra_peach_floral_embroidered_high-neck_top__.jpg,Mayra Floral Embroidered High-Neck Top
263,https://assets.ajio.com/medias/sys_master/root/20220712/dl57/62cd8963f997dd03e2cf6377/rio_pink_ribbed_high-neck_top.jpg,RIO Ribbed High-Neck Top
264,https://assets.ajio.com/medias/sys_master/root/20220915/WrQB/632221d0aeb269dbb38be44f/teamspirit_beige_typographic_print_top_with_drop-shoulder_sleeves.jpg,Teamspirit Typographic Print Top with Drop-Shoulder Sleeves
265,https://assets.ajio.com/medias/sys_master/root/20230316/TYQ0/641331def997dde6f400fbf1/fuelle_pink_swiss-dot_top_with_band_collar.jpg,FUELLE Swiss-Dot Top with Band Collar
266,https://assets.ajio.com/medias/sys_master/root/20230329/hjMI/642469d2907deb497abb27dd/azira_red_printed_round-neck_top.jpg,AZIRA Printed Round-Neck Top
267,https://assets.ajio.com/medias/sys_master/root/20230320/oAVS/64187b0ff997dde6f4099f8b/aarke_ritu_kumar_multicoloured_floral_print_asymmetric_top_with_camisole.jpg,Aarke Ritu Kumar Floral Print Asymmetric Top with Camisole
268,https://assets.ajio.com/medias/sys_master/root/20230428/LznZ/644bd13ed55b7d0c6387546e/maaesa_sky_blue_%26_white_tie_%26_dye_top_with_extended_sleeves.jpg,MAAESA Tie & Dye Top with Extended Sleeves
269,https://assets.ajio.com/medias/sys_master/root/20220624/SHiB/62b5d123aeb26921af464ee9/hisham_wine_floral_print_peplum_top_with_band_collar_.jpg,Hisham Floral Print Peplum Top with Band Collar
270,https://assets.ajio.com/medias/sys_master/root/20220121/f5z5/61ea7a71f997dd662333580e/clafoutis_black_cotton_crop_top.jpg,Clafoutis Cotton Crop Top
271,https://assets.ajio.com/medias/sys_master/root/20220504/z20R/627267dbf997dd03e293794e/rue_collection_black_solid_peplum_top.jpg,Rue Collection Solid Peplum Top
272,https://assets.ajio.com/medias/sys_master/root/20220802/4riB/62e96558f997dd03e21ba5a6/dhabhai_white_floral_print_top_with_pom_pom.jpg,DHABHAI Floral Print Top with Pom Pom
273,https://assets.ajio.com/medias/sys_master/root/20220607/UZRR/629f6178aeb26921af1372e1/dnmx_peach_floral_print_top_with_smocked_shoulder.jpg,DNMX Floral Print Top with Smocked Shoulder
274,https://assets.ajio.com/medias/sys_master/root/20220603/4Nub/6299199faeb26921af08ba35/dnmx_white_floral_print_top_with_puff_sleeves.jpg,DNMX Floral Print Top with Puff Sleeves
275,https://assets.ajio.com/medias/sys_master/root/20230502/4NFV/64510a1642f9e729d7610293/clafoutis_white_%26_black_pack_of_2_square-neck_crop_top.jpg,Clafoutis Pack of 2 Square-Neck Crop Top
276,https://assets.ajio.com/medias/sys_master/root/20220302/JGPr/621e66abf997dd03e2f8a176/teamspirit_pink_typographic_print_round-neck_top.jpg,Teamspirit Typographic Print Round-Neck Top
277,https://assets.ajio.com/medias/sys_master/root/20221213/105s/6398a30daeb269659ce77844/fyre_rose_black_polka-dot_print_sheer_top.jpg,Fyre Rose Polka-Dot Print Sheer Top
278,https://assets.ajio.com/medias/sys_master/root/20230408/DySt/64306226711cf97ba715ca39/wedani_purple_floral_print_top_with_ruffled_detail.jpg,Wedani Floral Print Top with Ruffled Detail
279,https://assets.ajio.com/medias/sys_master/root/20220531/5325/629595afaeb26921affaf6cb/rio_white_striped_v-neck_top.jpg,RIO Striped V-neck Top
280,https://assets.ajio.com/medias/sys_master/root/20230322/TcLs/641aad37711cf97ba7daca6e/awriya_maroon_%26_white_chevron_print_round-neck_top.jpg,Awriya Chevron Print Round-Neck Top
281,https://assets.ajio.com/medias/sys_master/root/20230517/Hd6F/6464d4af42f9e729d7912278/fyre_rose_beige_striped_crop_top_with_puff_sleeves.jpg,Fyre Rose Striped Crop Top with Puff Sleeves
282,https://assets.ajio.com/medias/sys_master/root/20220909/ATOW/631a5391aeb269dbb37c09c6/muhuratam_grey_embellished_collar-neck_top.jpg,MUHURATAM Embellished Collar-Neck Top
283,https://assets.ajio.com/medias/sys_master/root/20230320/v1V0/6418598eaeb26924e3cece26/wedani_grey_floral_print_crepe_top.jpg,Wedani Floral Print Crepe Top
284,https://assets.ajio.com/medias/sys_master/root/20230321/1xTi/6419f34f907deb497a983fea/gufrina_pink_%26_blue_tie_%26_dye_tailored_fit_tunic.jpg,GUFRINA Tie & Dye Tailored Fit Tunic
285,https://assets.ajio.com/medias/sys_master/root/20230314/oqem/640f6eeeaeb26924e3bc55b8/blue_trend_navy_geometric_print_top.jpg,BLUE TREND Geometric Print Top
286,https://assets.ajio.com/medias/sys_master/root/20211207/1ZvK/61af9ba2f997ddf8f141410f/mayra_pink_floral_print_round-neck_top.jpg,Mayra Floral Print Round-Neck Top
287,https://assets.ajio.com/medias/sys_master/root/20230320/PJBt/641859e2aeb26924e3ced83d/fery_london_black_pack_of_2_round-neck_crop_tops.jpg,Fery London Pack of 2 Round-Neck Crop Tops
288,https://assets.ajio.com/medias/sys_master/root/20230328/xVyS/6421e4f1711cf97ba7f3a717/gufrina_brown_animal_print_tailored_fit_top.jpg,GUFRINA Animal Print Tailored Fit Top
289,https://assets.ajio.com/medias/sys_master/root/20220823/RfED/6303f5ddaeb269176192a4e4/dhabhai_blue_geometric_print_tunic_with_bell_sleeves.jpg,DHABHAI Geometric Print Tunic with Bell Sleeves
290,https://assets.ajio.com/medias/sys_master/root/20220604/ChQD/629b504daeb26921af0fca14/dnmx_mustard_embroidered_top_with_puff_sleeves.jpg,DNMX Embroidered Top with Puff Sleeves
291,https://assets.ajio.com/medias/sys_master/root/20211207/k6tN/61af9354aeb2690110fd7ebf/mayra_blue_off-shoulder_top_with_flared_sleeves.jpg,Mayra Off-Shoulder Top with Flared Sleeves
292,https://assets.ajio.com/medias/sys_master/root/20220324/WLSq/623c7785aeb26921aff207f8/go-4_it_red_solid_cap-sleeve_top.jpg,Go-4 It Solid Cap-sleeve Top
293,https://assets.ajio.com/medias/sys_master/root/20220817/M752/62fc21ecaeb26917617a4d17/women_touch_black_printed_round-neck_top.jpg,WOMEN TOUCH Printed Round-Neck Top
294,https://assets.ajio.com/medias/sys_master/root/20220916/ljq8/63238346f997dd1f8d01d1e8/aarke_ritu_kumar_yellow_embroidered_fitted_tunic_top.jpg,Aarke Ritu Kumar Embroidered Fitted Tunic Top
295,https://assets.ajio.com/medias/sys_master/root/20210311/ND7q/6049c6eaaeb26969817f96e1/cottinfab_orange_floral_print_cold_shoulder_top.jpg,COTTINFAB Floral Print Cold Shoulder Top
296,https://assets.ajio.com/medias/sys_master/root/20230321/maek/6419f2ea711cf97ba7d69d54/gufrina_blue_floral_print_tailored_fit_tunic.jpg,GUFRINA Floral Print Tailored Fit Tunic
297,https://assets.ajio.com/medias/sys_master/root/20220624/aLNn/62b5d452aeb26921af46a251/teamspirit_black_typographic_print_twofer_top.jpg,Teamspirit Typographic Print Twofer Top
298,https://assets.ajio.com/medias/sys_master/root/20230106/TbRC/63b83b97f997dd708edbb3c5/kibo_rust_striped_v-neck_warp_top.jpg,Kibo Striped V-Neck Warp Top
299,https://assets.ajio.com/medias/sys_master/root/20220530/sWEh/62950029aeb26921aff5e1f5/style_quotient_black_polka-dot_print_blouson_top_.jpg,Style Quotient Polka-Dot Print Blouson Top
300,https://assets.ajio.com/medias/sys_master/root/20230227/YEo5/63fc8883f997dde6f4c9edb4/outryt_olive_brown_women_boxy_fit_top_with_extended_sleeves.jpg,Outryt Women Boxy Fit Top with Extended Sleeves
301,https://assets.ajio.com/medias/sys_master/root/20230323/CQ6u/641c196a711cf97ba7ea4e30/purys_grey_embellished_v-neck_top.jpg,PURYS Embellished V-Neck Top
302,https://assets.ajio.com/medias/sys_master/root/20220531/G495/6295323eaeb26921aff8c6c6/rue_collection_nude_full-sleeve_peplum_top.jpg,Rue Collection Full-Sleeve Peplum Top
303,https://assets.ajio.com/medias/sys_master/root/20230308/mQTY/64088942f997dde6f4e76b45/clafoutis_black_%26_white_pack_of_2_halter-neck_top.jpg,Clafoutis Pack of 2 Halter-Neck Top
304,https://assets.ajio.com/medias/sys_master/root/20220302/IU3Q/621e762cf997dd03e2f8f644/teamspirit_white_striped_round-neck_top.jpg,Teamspirit Striped Round-Neck Top
305,https://assets.ajio.com/medias/sys_master/root/20221201/UCMk/63884a08aeb269659cc6d779/fig_peach_textured_top_with_ruffles.jpg,FIG Textured Top with Ruffles
306,https://assets.ajio.com/medias/sys_master/root/20220908/4ykt/63191124f997dd1f8deca0de/muhuratam_green_embellished_top_with_bell_sleeves.jpg,MUHURATAM Embellished Top with Bell Sleeves
307,https://assets.ajio.com/medias/sys_master/root/20230314/uAW1/640f748ef997dde6f4f5f5ff/blue_trend_light_green_floral_print_top.jpg,BLUE TREND Floral Print Top
308,https://assets.ajio.com/medias/sys_master/root/20220121/fh4O/61ea4e10aeb2695cdd236225/dracht_black_slim_fit_top_with_ruffles.jpg,DRACHT Slim Fit Top with Ruffles
309,https://assets.ajio.com/medias/sys_master/root/20230411/EBXX/64348f74711cf97ba71a1697/fyre_rose_orange_top_with_elasticated_back_neckline.jpg,Fyre Rose Top with Elasticated Back Neckline
310,https://assets.ajio.com/medias/sys_master/root/20220708/Cyry/62c745c8aeb26921af6a0620/bhama_couture_beige_floral_ruffled_top.jpg,Bhama Couture Floral Ruffled Top
311,https://assets.ajio.com/medias/sys_master/root/20220530/uiWE/6294fdbdaeb26921aff5b587/teamspirit_green_colourblock_round-neck_top.jpg,Teamspirit Colourblock Round-Neck Top
312,https://assets.ajio.com/medias/sys_master/root/20221110/HM4u/636c0f30aeb269659c81ab22/raassio_pink_schiffli_embroidered_square-neck_top.jpg,RAASSIO Schiffli Embroidered Square-Neck Top
313,https://assets.ajio.com/medias/sys_master/root/20220928/4NGv/63334dc4aeb269dbb3ab40ee/ruhaan%27s_black_embellished_regular_top.jpg,Ruhaan's Embellished Regular Top
314,https://assets.ajio.com/medias/sys_master/root/20221123/tSEV/637d482df997ddfdbd90fb8a/wedani_white_floral_print_round-neck_top.jpg,Wedani Floral Print Round-Neck Top
315,https://assets.ajio.com/medias/sys_master/root/20220802/3cNP/62e93a20f997dd03e219f561/gap_white_round_neck_puffed_sleeves_top.jpg,GAP Round Neck Puffed Sleeves Top
316,https://assets.ajio.com/medias/sys_master/root/20230322/42Mq/641aabd8711cf97ba7da9bc2/aask_sea_green_boat-neck_top_with_puff_sleeves.jpg,AASK Boat-Neck Top with Puff Sleeves
317,https://assets.ajio.com/medias/sys_master/root/20220531/Pyrx/62955a8caeb26921aff9ca4d/lee_cooper_multicoloured_striped_top_with_neck_tie-up.jpg,Lee Cooper Striped Top with Neck Tie-Up
318,https://assets.ajio.com/medias/sys_master/root/20230306/RFOV/64062cb3aeb26924e3a9f108/keri_perry_maroon_polka-dot_v-neck_wrap_top.jpg,KERI PERRY Polka-Dot V-Neck Wrap Top
319,https://assets.ajio.com/medias/sys_master/root/20230308/q30J/640893a6f997dde6f4e8e4fd/wedani_pink_paisley_print_v-neck_top.jpg,Wedani Paisley Print V-Neck Top
320,https://assets.ajio.com/medias/sys_master/root/20220620/IGvz/62b08a1faeb26921af3a032e/rio_pink_round-neck_top_with_short_sleeves.jpg,RIO Round-Neck Top with Short Sleeves
321,https://assets.ajio.com/medias/sys_master/root/20221103/vOLL/636363cfaeb269659c6d9e84/fyre_rose_olive_green_tie_%26_dye_button-front_top.jpg,Fyre Rose Tie & Dye Button-Front Top
322,https://assets.ajio.com/medias/sys_master/root/20230426/DLWT/64493df642f9e729d751933b/ketch_black_shimmery_strappy_crop_top.jpg,Ketch Shimmery Strappy Crop Top
323,https://assets.ajio.com/medias/sys_master/root/20230221/r3da/63f4650cf997dde6f4b57fa6/hawt_peach_embellished_round-neck_top.jpg,HAWT Embellished Round-Neck Top
324,https://assets.ajio.com/medias/sys_master/root/20230403/00Z5/642aece8907deb497ac65f50/teamspirit_multicoloured_slim_fit_round-neck_crop_top.jpg,Teamspirit Slim Fit Round-Neck Crop Top
325,https://assets.ajio.com/medias/sys_master/root/20210716/booW/60f1a641f997ddb3122924b0/fig_yellow_panelled_boat-neck_top_with_ruffled_sleeves.jpg,FIG Panelled Boat-Neck Top with Ruffled Sleeves
326,https://assets.ajio.com/medias/sys_master/root/20230517/5qod/6464bf1942f9e729d7901eaa/fyre_rose_purple_%26_white_striped_blouson_top_with_drawstring_waist.jpg,Fyre Rose Striped Blouson Top with Drawstring Waist
327,https://assets.ajio.com/medias/sys_master/root/20210404/4oyz/606b7670aeb269a9e36749e2/marie_claire_blue_textured_top_with_full_sleeves.jpg,MARIE CLAIRE Textured Top with Full Sleeves
328,https://assets.ajio.com/medias/sys_master/root/20220730/xQWg/62e4a822f997dd03e20b4ba7/hive_91_black_floral_print_tunic_with_waist_tie-up.jpg,HIVE 91 Floral Print Tunic with Waist Tie-Up
329,https://assets.ajio.com/medias/sys_master/root/20220330/pmby/624372cbf997dd03e23af2b8/vero_moda_black_slim_fit_round-neck_top.jpg,Vero Moda Slim Fit Round-Neck Top
330,https://assets.ajio.com/medias/sys_master/root/20220620/LH3X/62b08c6daeb26921af3a0f33/fig_black_floral_print_round-neck_top.jpg,FIG Floral Print Round-Neck Top
331,https://assets.ajio.com/medias/sys_master/root/20220823/mmYD/6303f562f997dd394c120256/teamspirit_blue_typographic_print_high-neck_crop_top.jpg,Teamspirit Typographic Print High-Neck Crop Top
332,https://assets.ajio.com/medias/sys_master/root/20230313/wuXm/640f509eaeb26924e3bb5ada/blue_trend_maroon_floral_print_top.jpg,BLUE TREND Floral Print Top
333,https://assets.ajio.com/medias/sys_master/root/20221126/gXNn/6381307aaeb269659cb7d336/saakaa_burgundy_top_with_tie-up.jpg,SAAKAA Top with Tie-Up
334,https://assets.ajio.com/medias/sys_master/root/20220725/9XP0/62dea013f997dd03e2f330db/martini_blue_abstract_crop_top.jpg,MARTINI Abstract Crop Top
335,https://assets.ajio.com/medias/sys_master/root/20221018/mEWC/634e49cbf997ddfdbd2ee0a2/teamspirit_white_zip-up_top_with_printed_taping.jpg,Teamspirit Zip-Up Top with Printed Taping
336,https://assets.ajio.com/medias/sys_master/root/20211027/m5ko/6178a859f997ddf8f1ec1719/ashlee_dark_blue_floral_embroidered_round-neck_top.jpg,ASHLEE Floral Embroidered Round-Neck Top
337,https://assets.ajio.com/medias/sys_master/root/20220224/Jxzf/62173156f997dd03e2ecbd49/popwings_yellow_floral_print_top_with_bell_sleeves.jpg,POPWINGS Floral Print Top with Bell Sleeves
338,https://assets.ajio.com/medias/sys_master/root/20221213/eCOs/6398b116aeb269659ce7bff8/fig_black_geometric_print_top_with_slip.jpg,FIG Geometric Print Top with Slip
339,https://assets.ajio.com/medias/sys_master/root/20220817/BD1W/62fc29bbaeb26917617a7e6a/draax_fashions_blue_v-neck_top_with_tie-up.jpg,Draax Fashions V-neck Top with Tie-Up
340,https://assets.ajio.com/medias/sys_master/root/20230201/hPSg/63da0945aeb269c651082aac/fyre_rose_blue_sleeveless_top_with_back-zip_closure.jpg,Fyre Rose Sleeveless Top with Back-Zip Closure
341,https://assets.ajio.com/medias/sys_master/root/20220908/K6al/6318ee13aeb269dbb3787c2a/fyre_rose_lavender_strappy_square-neck_schiffli_top.jpg,Fyre Rose Strappy Square-Neck Schiffli Top
342,https://assets.ajio.com/medias/sys_master/root/20230225/cXta/63f9299cf997dde6f4c6d41b/aask_teal_blue_boat-neck_top_with_ruffled_sleeves.jpg,AASK Boat-Neck Top with Ruffled Sleeves
343,https://assets.ajio.com/medias/sys_master/root/20220623/xu1W/62b497eef997dd03e299f406/dnmx_pink_knit_top_with_neck_tie-up.jpg,DNMX Knit Top with Neck Tie-Up
344,https://assets.ajio.com/medias/sys_master/root/20221026/9Kt0/63591432aeb269659c5aece3/fig_pink_lace_top_with_puff_sleeves.jpg,FIG Lace Top with Puff Sleeves
345,https://assets.ajio.com/medias/sys_master/root/20230201/UL5T/63da7bbeaeb269c6510974bd/fyre_rose_peach_crop_top_with_knot_accent.jpg,Fyre Rose Crop Top with Knot Accent
346,https://assets.ajio.com/medias/sys_master/root/20221126/fJ9p/6381374af997ddfdbda0b7b6/saakaa_white_mandarin-collar_front_button_tunic.jpg,SAAKAA Mandarin-Collar Front Button Tunic
347,https://assets.ajio.com/medias/sys_master/root/20220506/JuCC/627517a3f997dd03e298e3db/clafoutis_white_cotton_crop_top.jpg,Clafoutis Cotton Crop Top
348,https://assets.ajio.com/medias/sys_master/root/20220817/wwZw/62fc2a57f997dd394cf8de57/draax_fashions_blue_textured_round-neck_top.jpg,Draax Fashions Textured Round-Neck Top
349,https://assets.ajio.com/medias/sys_master/root/20230321/qaBU/6418c75ff997dde6f40d128d/gufrina_green_round_neck_top_with_bishop_sleeve.jpg,GUFRINA Round Neck Top with Bishop Sleeve
350,https://assets.ajio.com/medias/sys_master/root/20230317/3iii/64137a69f997dde6f40383fa/clafoutis_red_%26_white_pack_of_2_slim_fit_crop_tops.jpg,Clafoutis Pack of 2 Slim Fit Crop Tops
351,https://assets.ajio.com/medias/sys_master/root/20230316/xg2p/64133d96f997dde6f40269e0/fuelle_purple_floral_print_top_with_neck_tie-up.jpg,FUELLE Floral Print Top with Neck Tie-Up
352,https://assets.ajio.com/medias/sys_master/root/20221005/4sOl/633c7ca5aeb269659c249364/fyre_rose_snow_white_square-neck_tank_top.jpg,Fyre Rose Square-Neck Tank Top
353,https://assets.ajio.com/medias/sys_master/root/20220315/c0RB/622f95f0f997dd03e2120011/iscenery_by_vero_moda_pink_kourt_v-neck_peplum_top.jpg,ISCENERY BY VERO MODA Kourt V-neck Peplum Top
354,https://assets.ajio.com/medias/sys_master/root/20221007/oM3A/633f4e80f997ddfdbd0b8e71/popwings_black_v-neck_puff-sleeve_top_.jpg,POPWINGS V-neck Puff-Sleeve Top
355,https://assets.ajio.com/medias/sys_master/root/20230307/J60Q/640743c3aeb26924e3ad0fb4/dream_beauty_fashion_black_round-neck_top_with_puff-sleeves.jpg,DREAM BEAUTY FASHION Round-Neck Top with Puff-Sleeves
356,https://assets.ajio.com/medias/sys_master/root/20220916/pM3I/63239f42f997dd1f8d02e672/harpa_purple_floral_top_with_square_neckline.jpg,HARPA Floral Top with Square Neckline
357,https://assets.ajio.com/medias/sys_master/root/20230130/NPZT/63d79d3caeb269c65100d19b/fyre_rose_pink_floral_print_satin_shirt.jpg,Fyre Rose Floral Print Satin Shirt
358,https://assets.ajio.com/medias/sys_master/root/20230111/CAza/63bdf8b7aeb269c651d6224c/fery_london_multicoloured_pack_of_2_slim_fit_crop_tops.jpg,Fery London Pack of 2 Slim Fit Crop Tops
359,https://assets.ajio.com/medias/sys_master/root/20210403/J3Ca/606916dc7cdb8c1f148115b3/pannkh_black__novelty__top_.jpg,Pannkh Novelty Top
360,https://assets.ajio.com/medias/sys_master/root/20230317/gxC7/64141832aeb26924e3ca3fbe/wedani_black_floral_print_crepe_top.jpg,Wedani Floral Print Crepe Top
361,https://assets.ajio.com/medias/sys_master/root/20230317/qS59/64142fb0aeb26924e3caf9e7/deaim_white_slim_fit_square-neck_top.jpg,Deaim Slim Fit Square-Neck Top
362,https://assets.ajio.com/medias/sys_master/root/20230420/qyTV/64415a1e907deb497af7222b/gap_navy_logo_print_crew-neck_t-shirt.jpg,GAP Logo Print Crew-Neck T-Shirt
363,https://assets.ajio.com/medias/sys_master/root/20220803/uOGI/62ea4e35f997dd03e21d7f94/mabish_by_sonal_jain_bottle_green_v-neck_tunic_with_knot_accent.jpg,Mabish By Sonal Jain V-neck Tunic with Knot Accent
364,https://assets.ajio.com/medias/sys_master/root/20220420/U1h1/625f0b14aeb26921af2ba8cf/project_eve_blue_%26_white_checked_top_with_raglan_sleeves.jpg,Project Eve Checked Top with Raglan Sleeves
365,https://assets.ajio.com/medias/sys_master/root/20220413/q4HU/6256ec10aeb26921af1def5f/rio_black_ditsy_print_peplum_top.jpg,RIO Ditsy Print Peplum Top
366,https://assets.ajio.com/medias/sys_master/root/20220121/9kwV/61ea7c6aaeb2695cdd267fc6/clafoutis_black_pack_of_2_slim-fit_crop_top.jpg,Clafoutis Pack of 2 Slim-Fit Crop Top
367,https://assets.ajio.com/medias/sys_master/root/20230322/qNrz/641a99c6907deb497a99ef9a/harpa_red_floral_print_v-neck_top.jpg,HARPA Floral Print V-Neck Top
368,https://assets.ajio.com/medias/sys_master/root/20230517/GGuL/6464ca5342f9e729d790bb55/fyre_rose_stone_wrap_top_with_neck_tie-up.jpg,Fyre Rose Wrap Top with Neck Tie-Up
369,https://assets.ajio.com/medias/sys_master/root/20230511/1nBZ/645cfd4042f9e729d77a391f/forever_new_raspberry_jelly_round-neck_fitted_tank_top.jpg,Forever New Round-Neck Fitted Tank Top
370,https://assets.ajio.com/medias/sys_master/root/20220325/47Xk/623d5dc8f997dd03e231b596/go-4_it_orange_pleated_v-neck_top.jpg,Go-4 It Pleated V-neck Top
371,https://assets.ajio.com/medias/sys_master/root/20221007/7QT4/633f520baeb269659c28c01d/popwings_lavender_ribbed_v-neck_top_.jpg,POPWINGS Ribbed V-Neck Top
372,https://assets.ajio.com/medias/sys_master/root/20221230/LPLf/63aed9d0aeb269659c18efe0/outryt_green_%26_white_women_striped_round-neck_top.jpg,Outryt Women Striped Round-Neck Top
373,https://assets.ajio.com/medias/sys_master/root/20220427/MyiC/62686126f997dd03e2843545/indietoga_grey_textured_round_neck_tunic.jpg,Indietoga Textured Round Neck Tunic
374,https://assets.ajio.com/medias/sys_master/root/20221230/sIlQ/63ae2d1df997ddfdbd035550/fery_london_yellow_ribbed_round-neck_tank_top.jpg,Fery London Ribbed Round-Neck Tank Top
375,https://assets.ajio.com/medias/sys_master/root/20220819/PX8G/62ffaff0aeb269176189597f/mish_purple_butterfly_sleeves_boat-neck_top.jpg,Mish Butterfly Sleeves Boat-Neck Top
376,https://assets.ajio.com/medias/sys_master/root/20221011/bQsk/63447173aeb269659c376971/gap_white_printed_ruffled-neck_top.jpg,GAP Printed Ruffled-Neck Top
377,https://assets.ajio.com/medias/sys_master/root/20220817/yWRP/62fc1e1bf997dd394cf85830/women_touch_navy_blue_floral_print_flared_tunic.jpg,WOMEN TOUCH Floral Print Flared Tunic
378,https://assets.ajio.com/medias/sys_master/root/20230124/jDqf/63cffa8faeb269c651f6e263/aarke_ritu_kumar_white_floral_print_shirt_with_band_collar.jpg,Aarke Ritu Kumar Floral Print Shirt with Band Collar
379,https://assets.ajio.com/medias/sys_master/root/20220916/vk6I/632417c7aeb269dbb3903e63/trends_tower_green_cotton_round-neck_top.jpg,TRENDS TOWER Cotton Round-Neck Top
380,https://assets.ajio.com/medias/sys_master/root/20230402/Usd5/642962ec907deb497ac29da1/dracht_black_square-neck_slim-fit_top.jpg,DRACHT Square-Neck Slim-Fit Top
381,https://assets.ajio.com/medias/sys_master/root/20220921/NLC5/632a17e1aeb269dbb398796e/dj_%26_c_yellow_floral_embroidered_top_with_neck_tie-up.jpg,DJ & C Floral Embroidered Top with Neck Tie-Up
382,https://assets.ajio.com/medias/sys_master/root/20220909/j0hw/631a565bf997dd1f8def825b/marzeni_black_v-neck_panelled_top.jpg,MARZENI V-neck Panelled Top
383,https://assets.ajio.com/medias/sys_master/root/20230316/vmgO/64134145aeb26924e3c898b6/fuelle_off_white_micro_print_high-neck_top.jpg,FUELLE Micro Print High-Neck Top
384,https://assets.ajio.com/medias/sys_master/root/20230322/f45c/641aa66a907deb497a9b6ceb/wedani_white_top_with_puff_sleeves.jpg,Wedani Top with Puff Sleeves
385,https://assets.ajio.com/medias/sys_master/root/20221122/DTph/637c6c82aeb269659ca4c3f5/fig_brown_polka-dot_print_top_with_front_tie-up.jpg,FIG Polka-Dot Print Top with Front Tie-Up
386,https://assets.ajio.com/medias/sys_master/root/20221005/2fPB/633c8be5f997ddfdbd07a04d/fyre_rose_black_square-neck_tank_top.jpg,Fyre Rose Square-Neck Tank Top
387,https://assets.ajio.com/medias/sys_master/root/20230320/bJ9e/64185684aeb26924e3ce74f7/wedani_white_leaf_print_crepe_top.jpg,Wedani Leaf Print Crepe Top
388,https://assets.ajio.com/medias/sys_master/root/20221026/zyQL/6358d4efaeb269659c5abb73/rio_purple_ribbed_round-neck_top.jpg,RIO Ribbed Round-Neck Top
389,https://assets.ajio.com/medias/sys_master/root/20210811/9arI/61136e1af997ddce899b52ea/divena_blue_paisley_print_mandarin_collar_top.jpg,DIVENA Paisley Print Mandarin Collar Top
390,https://assets.ajio.com/medias/sys_master/root/20210826/A3vd/6127c623f997ddce89ad8e81/fable_street_olive_top_with_spread_collar.jpg,Fable Street Top with Spread Collar
391,https://assets.ajio.com/medias/sys_master/root/20220817/6jgb/62fc21a7aeb26917617a4554/women_touch_black_block_print_bell_sleeves_tunic.jpg,WOMEN TOUCH Block Print Bell Sleeves Tunic
392,https://assets.ajio.com/medias/sys_master/root/20230412/W6wL/6436c086711cf97ba71d7db3/gap_pink_%26_peach_crinkle_gauze_striped_button-front_top.jpg,GAP Crinkle Gauze Striped Button-Front Top
393,https://assets.ajio.com/medias/sys_master/root/20210404/JBBo/606a995af997dd7b64879914/marie_claire_red_chevron_print_top_with_puff_sleeves.jpg,MARIE CLAIRE Chevron Print Top with Puff Sleeves
394,https://assets.ajio.com/medias/sys_master/root/20220719/quR6/62d6e8c6aeb26921af85c524/fig_wine_striped_v-neck_top.jpg,FIG Striped V-neck Top
395,https://assets.ajio.com/medias/sys_master/root/20220824/suMH/63053c32f997dd394c16fed0/fyre_rose_olive_green_pleat-front_top_with_band_collar.jpg,Fyre Rose Pleat-Front Top with Band Collar
396,https://assets.ajio.com/medias/sys_master/root/20230517/f3BE/6464bf7242f9e729d79020d5/fyre_rose_pink_printed_shirt_with_spread_collar.jpg,Fyre Rose Printed Shirt with Spread Collar
397,https://assets.ajio.com/medias/sys_master/root/20230307/XRlN/64067695aeb26924e3ab0e25/dream_beauty_fashion_white_round-neck_top_with_puff_sleeves.jpg,DREAM BEAUTY FASHION Round-Neck Top with Puff Sleeves
398,https://assets.ajio.com/medias/sys_master/root/20220817/avjR/62fc21aeaeb26917617a4629/women_touch_blue_floral_print_tunic_with_pom-poms.jpg,WOMEN TOUCH Floral Print Tunic with Pom-Poms
399,https://assets.ajio.com/medias/sys_master/root/20230222/ed37/63f62e8eaeb26924e385f7f1/fig_blue_polka-dot_choker_neck_top.jpg,FIG Polka-Dot Choker Neck Top
400,https://assets.ajio.com/medias/sys_master/root/20230313/5PMl/640f669caeb26924e3bbcd7b/blue_trend_green_printed_top_with_puff_sleeves.jpg,BLUE TREND Printed Top with Puff Sleeves
401,https://assets.ajio.com/medias/sys_master/root/20230308/j4fJ/6407b56ef997dde6f4e6d646/dream_beauty_fashion_green_square-neck_top_with_puff_sleeves.jpg,DREAM BEAUTY FASHION Square-Neck Top with Puff sleeves
402,https://assets.ajio.com/medias/sys_master/root/20230330/PlrA/64256088711cf97ba7fbbcac/jainish_grey_chikankari_embroidered_peplum_top.jpg,JAINISH Chikankari Embroidered Peplum Top
403,https://assets.ajio.com/medias/sys_master/root/20210411/pY1N/60727bdff997dd7b64aad5ef/marie_claire_black_square_neck_slim_fit_blouse_.jpg,MARIE CLAIRE Square Neck Slim Fit Blouse
404,https://assets.ajio.com/medias/sys_master/root/20230517/B1a4/6464c5a042f9e729d79091eb/fyre_rose_pink_checked_crop_shirt.jpg,Fyre Rose Checked Crop Shirt
405,https://assets.ajio.com/medias/sys_master/root/20230313/iyoE/640f5898f997dde6f4f50af3/blue_trend_coral_floral_print_top_with_layered_sleeves.jpg,BLUE TREND Floral Print Top with Layered Sleeves
406,https://assets.ajio.com/medias/sys_master/root/20220719/aJ8b/62d5a873aeb26921af82032a/draax_fashions_white_solid_top_with_ruffled_sleeves.jpg,Draax Fashions Solid Top with Ruffled Sleeves
407,https://assets.ajio.com/medias/sys_master/root/20230330/W0wj/64256215907deb497abcbe6b/divena_beige_%26_blue_floral_print_button-down_top.jpg,DIVENA Floral Print Button-Down Top
408,https://assets.ajio.com/medias/sys_master/root/20220921/DJZz/632b2ac9aeb269dbb39cadb0/dj_%26_c_white_embroidered_top_with_mandarin_collar.jpg,DJ & C Embroidered Top with Mandarin Collar
409,https://assets.ajio.com/medias/sys_master/root/20210324/UPnu/605a3c5c7cdb8c1f146bcad4/fig_lt._pink_printed_twofer_top.jpg,FIG Printed Twofer Top
410,https://assets.ajio.com/medias/sys_master/root/20220617/zW8H/62ac58fbaeb26921af32d5d9/anvi_be_yourself_nblue_floral_print_boat-neck_top.jpg,Anvi be yourself Floral Print Boat-Neck Top
411,https://assets.ajio.com/medias/sys_master/root/20230407/8PRp/64301bb9711cf97ba7135f09/wedani_yellow_floral_print_top_with_flounce_sleeves.jpg,Wedani Floral Print Top with Flounce Sleeves
412,https://assets.ajio.com/medias/sys_master/root/20230316/tJPG/64132b56f997dde6f400d4af/fuelle_black_v-neck_top_with_puff_sleeves.jpg,FUELLE V-Neck Top with Puff Sleeves
413,https://assets.ajio.com/medias/sys_master/root/20220324/4dhd/623c65e0f997dd03e22be016/go-4_it_pink_solid_round-neck_top.jpg,Go-4 It Solid Round-Neck Top
414,https://assets.ajio.com/medias/sys_master/root/20230420/SclN/64414ec5711cf97ba73ae068/fyre_rose_white_high-low_shirt_with_flap_pockets.jpg,Fyre Rose High-Low Shirt with Flap Pockets
415,https://assets.ajio.com/medias/sys_master/root/20230308/btXT/64088a09aeb26924e3ae37e8/clafoutis_white_ribbed_square-neck_top.jpg,Clafoutis Ribbed Square-Neck Top
416,https://assets.ajio.com/medias/sys_master/root/20221020/OKbx/635127e0aeb269659c51a691/fig_pink_swiss-dot_top_with_puff_sleeves.jpg,FIG Swiss-Dot Top with Puff Sleeves
417,https://assets.ajio.com/medias/sys_master/root/20230313/ln15/640f5b63f997dde6f4f51ccf/blue_trend_red_printed_top_with_gathered_waist.jpg,BLUE TREND Printed Top with Gathered Waist
418,https://assets.ajio.com/medias/sys_master/root/20210923/OgqK/614bc6b9aeb269a268a1e5a4/cottinfab_black_embellished_round-neck_top.jpg,COTTINFAB Embellished Round-Neck Top
419,https://assets.ajio.com/medias/sys_master/root/20220404/IFEj/624a8d02f997dd03e244c0b1/fidoza_black_embellished_round-neck_top.jpg,FIDOZA Embellished Round-Neck Top
420,https://assets.ajio.com/medias/sys_master/root/20230418/pzp5/643e94a4907deb497aec8fd8/mwb_black_short-sleeves_square-neck_top.jpg,Mwb Short-Sleeves Square-Neck Top
421,https://assets.ajio.com/medias/sys_master/root/20230324/ffYd/641d8064711cf97ba7ed53bd/gap_multicoloured_striped_top_with_band_collar.jpg,GAP Striped Top with Band Collar
422,https://assets.ajio.com/medias/sys_master/root/20230321/wMBT/64197aaeaeb26924e3e597e5/orchid_blues_navy_blue_textured_scoop-neck_top.jpg,ORCHID BLUES Textured Scoop-Neck Top
423,https://assets.ajio.com/medias/sys_master/root/20220908/E8nq/6318fe08aeb269dbb378b7c3/fyre_rose_black_round-neck_ribbed_top.jpg,Fyre Rose Round-Neck Ribbed Top
424,https://assets.ajio.com/medias/sys_master/root/20220623/f7mD/62b4aedef997dd03e29a7c31/fig_green_ruffled_peplum_top.jpg,FIG Ruffled Peplum Top
425,https://assets.ajio.com/medias/sys_master/root/20210403/pLNm/6068e0bdf997dd7b64677ccd/rare_white_floral_print_v-neck_peplum_top.jpg,Rare Floral Print V-neck Peplum Top
426,https://assets.ajio.com/medias/sys_master/root/20220817/8eQr/62fd154bf997dd394cff3366/rio_maroon_lace_round-neck_top.jpg,RIO Lace Round-Neck Top
427,https://assets.ajio.com/medias/sys_master/root/20210727/p1sj/60ff5e59f997ddb3123a4944/harpa_white_square-neck_panelled_peplum_top_with_bishop_sleeves.jpg,HARPA Square-Neck Panelled Peplum Top with Bishop Sleeves
428,https://assets.ajio.com/medias/sys_master/root/20221216/F5vu/639c48c9aeb269659cedd112/fig_green_lace_top_with_layered_sleeves.jpg,FIG Lace Top with Layered Sleeves
429,https://assets.ajio.com/medias/sys_master/root/20230322/PgdG/641ab17e907deb497a9d00f0/deckedup_brown_floral_print_top.jpg,DECKEDUP Floral Print Top
430,https://assets.ajio.com/medias/sys_master/root/20230316/pafL/6413512faeb26924e3c8ec0e/fuelle_white_embroidered_round-neck_top.jpg,FUELLE Embroidered Round-Neck Top
431,https://assets.ajio.com/medias/sys_master/root/20230322/ODFx/641a962f907deb497a997c23/orchid_blues_royal_blue_square-neck_top_with_zip_closure.jpg,ORCHID BLUES Square-Neck Top with Zip Closure
432,https://assets.ajio.com/medias/sys_master/root/20220613/b7xf/62a74a76f997dd03e273d1f8/dnmx_pink_lace_cotton_top_with_off-shoulder.jpg,DNMX Lace Cotton Top with Off-Shoulder
433,https://assets.ajio.com/medias/sys_master/root/20221104/sXqf/636527a9aeb269659c72ce05/teamspirit_lavender_ribbed_zip-up_top_with_printed_taping.jpg,Teamspirit Ribbed Zip-Up Top with Printed Taping
434,https://assets.ajio.com/medias/sys_master/root/20220817/SlH6/62fc1dc9aeb269176179d90c/angloindu_white_slim-fit_tube_top.jpg,Angloindu Slim-Fit Tube Top
435,https://assets.ajio.com/medias/sys_master/root/20220819/uefs/62ffb00af997dd394c08489f/mish_green_collar-neck_top_with_puff_sleeve.jpg,Mish Collar-Neck Top with Puff Sleeve
436,https://assets.ajio.com/medias/sys_master/root/20220905/hsQA/6315ced0aeb269dbb36ae88a/dnmx_black_typographic_print_top_with_step_hemline.jpg,DNMX Typographic Print Top with Step Hemline
437,https://assets.ajio.com/medias/sys_master/root/20220526/WGRo/628ee88eaeb26921afdb7f25/teamspirit_lavender_colourblock_top_with_raglan_sleeves.jpg,Teamspirit Colourblock Top with Raglan Sleeves
438,https://assets.ajio.com/medias/sys_master/root/20220921/g08t/632a1334f997dd1f8d0d40be/fig_pink_laced_round-neck_top.jpg,FIG Laced Round-Neck Top
439,https://assets.ajio.com/medias/sys_master/root/20201216/R561/5fd90c53f997dd8c83cb1992/saakaa_black_floral_embroidered_tunic.jpg,SAAKAA Floral Embroidered Tunic
440,https://assets.ajio.com/medias/sys_master/root/20211103/gLJb/618193a2aeb2690110b77f67/rare_purple_square-neck_polyester_top.jpg,Rare Square-Neck Polyester Top
441,https://assets.ajio.com/medias/sys_master/root/20230301/BFH1/63fedbe0aeb26924e39a5273/wedani_orange_micro_print_round-neck_top.jpg,Wedani Micro Print Round-Neck Top
442,https://assets.ajio.com/medias/sys_master/root/20220808/IbmQ/62f1137bf997dd03e22c3cd2/dhabhai_blue_geometric_printed_button-front_top.jpg,DHABHAI Geometric Printed Button-Front Top
443,https://assets.ajio.com/medias/sys_master/root/20230517/DQ8B/6464cb2ad55b7d0c63bd3143/fyre_rose_brown_printed_smocked_square-neck_top.jpg,Fyre Rose Printed Smocked Square-Neck Top
444,https://assets.ajio.com/medias/sys_master/root/20220504/MF7d/62718436f997dd03e2926d1d/fig_jet_black_floral_print_round-neck_top.jpg,FIG Floral Print Round-Neck Top
445,https://assets.ajio.com/medias/sys_master/root/20230301/PMRG/63fe8442f997dde6f4d2b0a0/wedani_black_floral_print_v-neck_top.jpg,Wedani Floral Print V-Neck Top
446,https://assets.ajio.com/medias/sys_master/root/20211207/8wpo/61af9a2df997ddf8f1412388/mayra_brown_round-neck_top_with_roll-up_tabs.jpg,Mayra Round-Neck Top with Roll-Up Tabs
447,https://assets.ajio.com/medias/sys_master/root/20230316/ztFO/64133167aeb26924e3c6d705/fuelle_red_striped_round-neck_top.jpg,FUELLE Striped Round-Neck Top
448,https://assets.ajio.com/medias/sys_master/root/20230316/Xg8J/64132dacf997dde6f400e448/fuelle_blue_floral_print_round-neck_top.jpg,FUELLE Floral Print Round-Neck Top
449,https://assets.ajio.com/medias/sys_master/root/20220730/Q5cb/62e4afd4f997dd03e20c65e7/winered_green_embroidered_v-neck_top.jpg,WINERED Embroidered V-neck Top
450,https://assets.ajio.com/medias/sys_master/root/20220718/BbiP/62d571c2f997dd03e2daeb7e/dj_%26_c_teal_green_%26_black_checked_round-neck_top.jpg,DJ & C Checked Round-Neck Top
451,https://assets.ajio.com/medias/sys_master/root/20221208/wuV5/6391bf20f997ddfdbdc79bab/fig_white_striped_shirt_with_patch_pockets.jpg,FIG Striped Shirt with Patch Pockets
452,https://assets.ajio.com/medias/sys_master/root/20220824/HA4o/630639bdaeb26917619a7962/fyre_rose_rust_button-down_shirt_with_drop-shoulder_sleeves.jpg,Fyre Rose Button-Down Shirt with Drop-Shoulder Sleeves
453,https://assets.ajio.com/medias/sys_master/root/20220324/4tVV/623c7ab8f997dd03e22dc024/go-4_it_navy_blue_round-neck_tunic_with_front_pintucks_.jpg,Go-4 It Round-Neck Tunic with Front Pintucks
454,https://assets.ajio.com/medias/sys_master/root/20220427/Du81/62685d0ef997dd03e2840d04/indietoga_maroon_textured_round-neck_tunic.jpg,Indietoga Textured Round-Neck Tunic
455,https://assets.ajio.com/medias/sys_master/root/20220623/WNTa/62b4a8bfaeb26921af4344d1/fig_black_floral_print_gathered_top.jpg,FIG Floral Print Gathered Top
456,https://assets.ajio.com/medias/sys_master/root/20220425/Juug/62668ad4f997dd03e27de286/ruhaan%27s_pink_floral_print_tunic_with_pull-up_tabs.jpg,Ruhaan's Floral Print Tunic with Pull-Up Tabs
457,https://assets.ajio.com/medias/sys_master/root/20230124/lJMw/63cfec7cf997dd708e1eabc3/aarke_ritu_kumar_beige_floral_print_top_with_neck_tie-up.jpg,Aarke Ritu Kumar Floral Print Top with Neck Tie-Up
458,https://assets.ajio.com/medias/sys_master/root/20210706/UfNU/60e35043aeb269a9e337cadc/fig_pink_floral_print_twofer_top.jpg,FIG Floral Print Twofer Top
459,https://assets.ajio.com/medias/sys_master/root/20221123/IAs9/637d446ff997ddfdbd9096c5/wedani_navy_blue_floral_print_v-neck_top.jpg,Wedani Floral Print V-Neck Top
460,https://assets.ajio.com/medias/sys_master/root/20230316/Ogu8/6413296eaeb26924e3c6ac5f/fuelle_olive_striped_peplum_top.jpg,FUELLE Striped Peplum Top
461,https://assets.ajio.com/medias/sys_master/root/20230316/hHje/64133845f997dde6f401bdf3/fuelle_off_white_polka-dot_print_round-neck_top.jpg,FUELLE Polka-Dot Print Round-Neck Top
462,https://assets.ajio.com/medias/sys_master/root/20220329/YQo9/6242f0aaaeb26921affdc7db/indietoga_maroon_solid_round_neck_top.jpg,Indietoga Solid Round Neck Top
463,https://assets.ajio.com/medias/sys_master/root/20230517/faQB/6464c2e242f9e729d79074c6/fyre_rose_off_white_paisley_print_frilled_corset_top.jpg,Fyre Rose Paisley Print Frilled Corset Top
464,https://assets.ajio.com/medias/sys_master/root/20230517/tKTp/6464d40942f9e729d7911673/fyre_rose_light_green_striped_round-neck_top.jpg,Fyre Rose Striped Round-Neck Top
465,https://assets.ajio.com/medias/sys_master/root/20230123/ZOww/63ce9a04f997dd708e1ac930/hawt_yellow_floral_print_top_with_smocked_waist.jpg,HAWT Floral Print Top with Smocked Waist
466,https://assets.ajio.com/medias/sys_master/root/20230517/MyIw/6464bd2d42f9e729d7900c66/fyre_rose_multicoloured_printed_shirt_with_spread_collar.jpg,Fyre Rose Printed Shirt with Spread Collar
467,https://assets.ajio.com/medias/sys_master/root/20220730/DrRU/62e4a817aeb26921afaf1d7e/hive_91_multi_checked_mandarin_collar_tunic.jpg,HIVE 91 Checked Mandarin Collar Tunic
468,https://assets.ajio.com/medias/sys_master/root/20210205/1xs8/601c89087cdb8c1f1436e967/rue_collection_pink_micro_print_tunic_top_with_waist_tie-up.jpg,Rue Collection Micro Print Tunic Top with Waist Tie-Up
469,https://assets.ajio.com/medias/sys_master/root/20220209/C1Zx/6202e012aeb26921af903a1c/mwb_black_solid_square-neck_top.jpg,Mwb Solid Square-Neck Top
470,https://assets.ajio.com/medias/sys_master/root/20230116/OMQ3/63c50c12aeb269c651e17740/hisham_blue_floral_print_round-neck_tunic.jpg,Hisham Floral Print Round-Neck Tunic
471,https://assets.ajio.com/medias/sys_master/root/20220801/rl7Z/62e7ea75aeb26921afb6c938/teamspirit_purple_ribbed_fitted_top.jpg,Teamspirit Ribbed Fitted Top
472,https://assets.ajio.com/medias/sys_master/root/20230301/vTro/63ff7d30f997dde6f4d52aec/madame_lemon_yellow_ribbed_round-neck_top.jpg,MADAME Ribbed Round-Neck Top
473,https://assets.ajio.com/medias/sys_master/root/20230322/cWMF/641aab59907deb497a9c2501/aask_white_boat-neck_top_with_puff_sleeves.jpg,AASK Boat-Neck Top with Puff Sleeves
474,https://assets.ajio.com/medias/sys_master/root/20220702/JHfG/62bf6a8bf997dd03e2b2f57f/draax_fashions_navy_blue_slim_fit_v-neck_top.jpg,Draax Fashions Slim Fit V-neck Top
475,https://assets.ajio.com/medias/sys_master/root/20221015/GEep/6349ddc9f997ddfdbd2a98de/styli_brown_slim_fit_puff-sleeve_top.jpg,Styli Slim Fit Puff-Sleeve Top
476,https://assets.ajio.com/medias/sys_master/root/20220808/hlch/62f0f4b4aeb26921afce746b/fig_black_printed_top_with_smocked_yoke.jpg,FIG Printed Top with Smocked Yoke
477,https://assets.ajio.com/medias/sys_master/root/20230421/TxdI/64422d8d907deb497af81f4a/gap_yellow_%26_white_floral_print_v-neck_top.jpg,GAP Floral Print V-Neck Top
478,https://assets.ajio.com/medias/sys_master/root/20230426/MBBA/6448f09142f9e729d750786b/dream_beauty_fashion_white_printed_round-neck_top.jpg,DREAM BEAUTY FASHION Printed Round-Neck Top
479,https://assets.ajio.com/medias/sys_master/root/20230320/NABM/641857b3aeb26924e3ce9876/fery_london_black_round-neck_crop_top.jpg,Fery London Round-Neck Crop Top
480,https://assets.ajio.com/medias/sys_master/root/20221124/rpk9/637f4ed5aeb269659cb0253e/fyre_rose_black_leaf_print_v-neck_blouse_top.jpg,Fyre Rose Leaf Print V-Neck Blouse Top
481,https://assets.ajio.com/medias/sys_master/root/20220825/9aZI/63069481aeb26917619e8bc7/fig_black_%26_white_micro_print_high-neck_top_with_camisole.jpg,FIG Micro Print High-Neck Top with Camisole
482,https://assets.ajio.com/medias/sys_master/root/20220702/HBfN/62bf542df997dd03e2b2224b/fig_green_printed_top_with_ruffled_overlay.jpg,FIG Printed Top with Ruffled Overlay
483,https://assets.ajio.com/medias/sys_master/root/20230407/XvNF/64301ba5711cf97ba7135cdd/wedani_navy_blue_floral_print_top_with_flounce_sleeves.jpg,Wedani Floral Print Top with Flounce Sleeves
484,https://assets.ajio.com/medias/sys_master/root/20221123/45eo/637e3374f997ddfdbd94781f/fig_ecru_floral_print_top_with_curved_hem.jpg,FIG Floral Print Top with Curved Hem
485,https://assets.ajio.com/medias/sys_master/root/20230422/40Dz/6443aa13907deb497afaa78b/instafab_plus_green_graphic_print_button-down_top.jpg,Instafab Plus Graphic Print Button-Down Top
486,https://assets.ajio.com/medias/sys_master/root/20220908/WLRm/6318e3b6aeb269dbb378585e/fig_jet_black_round-neck_top_with_ruffle_accent.jpg,FIG Round-Neck Top with Ruffle Accent
487,https://assets.ajio.com/medias/sys_master/root/20211123/07iB/619d2b87aeb2690110d469e0/orchid_blues_blue_floral_print_v-neck_top.jpg,ORCHID BLUES Floral Print V-neck Top
488,https://assets.ajio.com/medias/sys_master/root/20220702/UnJV/62bf3e2daeb26921af596c8c/teamspirit_maroon_ribbed_top_with_zip_placket.jpg,Teamspirit Ribbed Top with Zip Placket
489,https://assets.ajio.com/medias/sys_master/root/20220623/UIlz/62b49e02aeb26921af430c00/rio_blue_round-neck_top_with_short_sleeves.jpg,RIO Round-Neck Top with Short Sleeves
490,https://assets.ajio.com/medias/sys_master/root/20230201/Q10K/63da8330aeb269c65109bd2c/rio_pink_checked_peplum_top.jpg,RIO Checked Peplum Top
